date,total_visits,avg_wait_time,admission_rate,cm_flag_count,avg_age,weekend_visits,peak_hour_visits,walk_in_count,neurology_count,cardiology_count,weekday,month,year,quarter,is_weekend,season_encoded,lag_1_day,lag_7_days,rolling_7d_mean,is_overloaded,temperature_c,humidity_pct,precipitation_mm,weather_severity,is_extreme_weather,is_heat_stress,is_heavy_rain,event_risk_score,is_major_event,combined_stress
2023-04-08,22,31.681818181818183,0.45454545454545453,0,41.72727272727273,22,7,10,1,1,5,4,2023,2,1,1,11.0,19.0,14.571428571428571,1,35.0,30,0.0,0,0,0,0,4,1,6.0
2023-04-09,12,36.416666666666664,0.6666666666666666,0,40.666666666666664,12,4,5,0,0,6,4,2023,2,1,1,22.0,13.0,14.428571428571429,0,33.3,41,0.0,0,0,0,0,5,1,7.5
2023-04-10,13,33.69230769230769,0.6153846153846154,0,34.38461538461539,0,4,8,1,0,0,4,2023,2,0,1,12.0,14.0,14.285714285714286,0,37.3,41,0.0,2,0,0,0,3,1,6.5
2023-04-11,17,39.11764705882353,0.5882352941176471,0,42.411764705882355,0,7,6,0,1,1,4,2023,2,0,1,13.0,9.0,15.428571428571429,0,37.1,42,0.0,2,0,0,0,1,0,3.5
2023-04-12,30,36.93333333333333,0.36666666666666664,0,41.63333333333333,0,11,12,2,1,2,4,2023,2,0,1,17.0,19.0,17.0,1,37.7,38,24.0,5,1,0,1,1,0,6.5
2023-04-13,13,29.923076923076923,0.6153846153846154,0,33.38461538461539,0,3,5,0,1,3,4,2023,2,0,1,30.0,14.0,16.857142857142858,0,35.9,27,32.9,3,0,0,1,1,0,4.5
2023-04-14,21,31.666666666666668,0.47619047619047616,0,37.42857142857143,0,8,10,0,0,4,4,2023,2,0,1,13.0,11.0,18.285714285714285,1,32.2,28,0.0,0,0,0,0,1,0,1.5
2023-04-15,12,40.25,0.4166666666666667,0,36.25,12,6,8,0,2,5,4,2023,2,1,1,21.0,22.0,16.857142857142858,0,32.4,33,39.5,3,0,0,1,2,0,6.0
2023-04-16,17,30.0,0.5294117647058824,0,28.0,17,8,10,1,0,6,4,2023,2,1,1,12.0,12.0,17.571428571428573,0,34.3,27,0.0,0,0,0,0,3,1,4.5
2023-04-17,16,35.0,0.5,0,39.3125,0,9,4,0,1,0,4,2023,2,0,1,17.0,13.0,18.0,0,32.1,32,0.0,0,0,0,0,1,0,1.5
2023-04-18,20,41.85,0.5,0,30.65,0,4,14,0,0,1,4,2023,2,0,1,16.0,17.0,18.428571428571427,1,33.9,32,0.0,0,0,0,0,1,0,1.5
2023-04-19,18,33.27777777777778,0.6111111111111112,0,46.05555555555556,0,6,12,0,0,2,4,2023,2,0,1,20.0,30.0,16.714285714285715,1,33.7,32,0.0,0,0,0,0,1,0,1.5
2023-04-20,16,32.9375,0.4375,0,42.9375,0,8,12,0,0,3,4,2023,2,0,1,18.0,13.0,17.142857142857142,0,33.9,38,0.0,0,0,0,0,1,0,1.5
2023-04-21,15,33.266666666666666,0.4666666666666667,0,47.4,0,7,10,0,1,4,4,2023,2,0,1,16.0,21.0,16.285714285714285,0,36.1,31,0.0,0,0,0,0,1,0,1.5
2023-04-22,18,34.44444444444444,0.5555555555555556,0,52.44444444444444,18,7,11,0,0,5,4,2023,2,1,1,15.0,12.0,17.142857142857142,1,33.5,32,0.0,0,0,0,0,2,0,3.0
2023-04-23,12,43.416666666666664,0.4166666666666667,0,35.75,12,7,5,0,1,6,4,2023,2,1,1,18.0,17.0,16.428571428571427,0,34.0,40,0.0,0,0,0,0,3,1,4.5
2023-04-24,14,36.357142857142854,0.35714285714285715,0,39.5,0,6,11,0,1,0,4,2023,2,0,1,12.0,16.0,16.142857142857142,0,36.9,39,0.0,0,0,0,0,1,0,1.5
2023-04-25,18,40.611111111111114,0.6666666666666666,0,37.166666666666664,0,6,7,1,0,1,4,2023,2,0,1,14.0,20.0,15.857142857142858,1,36.5,41,0.0,0,0,0,0,1,0,1.5
2023-04-26,16,29.875,0.4375,0,34.4375,0,6,10,1,0,2,4,2023,2,0,1,18.0,18.0,15.571428571428571,0,37.2,42,0.0,2,0,0,0,1,0,3.5
2023-04-27,16,33.5,0.5,0,46.625,0,7,12,0,0,3,4,2023,2,0,1,16.0,16.0,15.571428571428571,0,37.7,40,0.0,2,0,0,0,1,0,3.5
2023-04-28,16,32.5625,0.4375,0,34.3125,0,7,8,0,1,4,4,2023,2,0,1,16.0,15.0,15.714285714285714,0,36.9,33,0.0,0,0,0,0,1,0,1.5
2023-04-29,14,38.57142857142857,0.7142857142857143,0,28.642857142857142,14,7,8,0,2,5,4,2023,2,1,1,16.0,18.0,15.142857142857142,0,34.2,29,0.0,0,0,0,0,2,0,3.0
2023-04-30,14,32.714285714285715,0.2857142857142857,0,37.285714285714285,14,5,8,2,0,6,4,2023,2,1,1,14.0,12.0,15.428571428571429,0,32.9,42,0.0,0,0,0,0,3,1,4.5
2023-05-01,20,31.5,0.5,20,43.7,0,8,11,1,0,0,5,2023,2,0,1,14.0,14.0,16.285714285714285,1,35.2,33,19.1,1,0,0,1,1,0,2.5
2023-05-02,16,34.25,0.5625,16,40.0625,0,6,8,0,0,1,5,2023,2,0,1,20.0,18.0,16.0,0,34.5,32,0.0,0,0,0,0,1,0,1.5
2023-05-03,20,41.1,0.6,20,44.85,0,8,11,1,1,2,5,2023,2,0,1,16.0,16.0,16.571428571428573,1,34.1,45,0.0,0,0,0,0,1,0,1.5
2023-05-04,16,31.0,0.5625,16,41.375,0,3,12,1,0,3,5,2023,2,0,1,20.0,16.0,16.571428571428573,0,38.9,46,0.0,2,0,1,0,1,0,3.5
2023-05-05,18,33.666666666666664,0.5,18,34.111111111111114,0,8,8,2,0,4,5,2023,2,0,1,16.0,16.0,16.857142857142858,1,39.1,46,39.6,5,1,1,1,1,0,6.5
2023-05-06,16,34.5625,0.25,16,33.625,16,5,7,1,0,5,5,2023,2,1,1,18.0,14.0,17.142857142857142,0,39.1,32,0.0,2,0,1,0,2,0,5.0
2023-05-07,15,34.93333333333333,0.6,15,45.6,15,6,9,0,0,6,5,2023,2,1,1,16.0,14.0,17.285714285714285,0,34.1,37,0.0,0,0,0,0,3,1,4.5
2023-05-08,20,36.4,0.45,20,42.05,0,8,13,0,0,0,5,2023,2,0,1,15.0,20.0,17.285714285714285,1,36.0,44,0.0,0,0,0,0,1,0,1.5
2023-05-09,20,35.55,0.55,20,48.1,0,7,13,0,1,1,5,2023,2,0,1,20.0,16.0,17.857142857142858,1,38.5,41,0.0,2,0,1,0,1,0,3.5
2023-05-10,13,30.692307692307693,0.46153846153846156,13,47.69230769230769,0,5,8,0,0,2,5,2023,2,0,1,20.0,20.0,16.857142857142858,0,37.4,36,9.3,3,0,0,0,1,0,4.5
2023-05-11,18,33.611111111111114,0.5,18,44.22222222222222,0,7,9,0,2,3,5,2023,2,0,1,13.0,16.0,17.142857142857142,1,35.6,34,2.6,0,0,0,0,1,0,1.5
2023-05-12,11,37.81818181818182,0.7272727272727273,11,39.45454545454545,0,4,7,1,1,4,5,2023,2,0,1,18.0,18.0,16.142857142857142,0,34.6,34,0.0,0,0,0,0,1,0,1.5
2023-05-13,13,40.0,0.6923076923076923,13,37.69230769230769,13,3,8,1,1,5,5,2023,2,1,1,11.0,16.0,15.714285714285714,0,34.6,40,0.0,0,0,0,0,2,0,3.0
2023-05-14,14,32.0,0.42857142857142855,14,24.5,14,5,8,0,0,6,5,2023,2,1,1,13.0,15.0,15.571428571428571,0,36.9,40,0.0,0,0,0,0,3,1,4.5
2023-05-15,7,31.857142857142858,0.5714285714285714,7,57.857142857142854,0,4,4,0,0,0,5,2023,2,0,1,14.0,20.0,13.714285714285714,0,37.0,45,0.0,2,0,0,0,1,0,3.5
2023-05-16,21,31.142857142857142,0.5714285714285714,21,48.285714285714285,0,9,11,0,1,1,5,2023,2,0,1,7.0,20.0,13.857142857142858,1,38.9,38,11.3,3,0,1,1,1,0,4.5
2023-05-17,16,29.5,0.1875,16,30.9375,0,7,12,0,0,2,5,2023,2,0,1,21.0,13.0,14.285714285714286,0,36.4,32,0.0,0,0,0,0,1,0,1.5
2023-05-18,15,30.666666666666668,0.26666666666666666,15,38.0,0,4,7,0,1,3,5,2023,2,0,1,16.0,18.0,13.857142857142858,0,34.1,42,0.0,0,0,0,0,1,0,1.5
2023-05-19,15,39.06666666666667,0.4666666666666667,15,42.53333333333333,0,4,8,0,1,4,5,2023,2,0,1,15.0,11.0,14.428571428571429,0,37.7,39,0.0,2,0,0,0,1,0,3.5
2023-05-20,14,32.857142857142854,0.5714285714285714,14,42.0,14,7,11,0,0,5,5,2023,2,1,1,15.0,13.0,14.571428571428571,0,36.7,43,0.0,0,0,0,0,2,0,3.0
2023-05-21,16,38.3125,0.75,16,41.4375,16,4,8,2,1,6,5,2023,2,1,1,14.0,14.0,14.857142857142858,0,38.2,36,3.5,2,0,1,0,3,1,6.5
2023-05-22,21,35.80952380952381,0.38095238095238093,21,48.095238095238095,0,9,12,1,1,0,5,2023,2,0,1,16.0,7.0,16.857142857142858,1,35.5,33,0.0,0,0,0,0,1,0,1.5
2023-05-23,13,33.15384615384615,0.46153846153846156,13,42.84615384615385,0,3,10,0,0,1,5,2023,2,0,1,21.0,21.0,15.714285714285714,0,34.2,42,0.0,0,0,0,0,1,0,1.5
2023-05-24,11,39.18181818181818,0.36363636363636365,11,40.54545454545455,0,3,9,0,0,2,5,2023,2,0,1,13.0,16.0,15.0,0,37.7,44,20.1,5,1,0,1,1,0,6.5
2023-05-25,16,36.3125,0.5625,16,37.25,0,7,13,0,0,3,5,2023,2,0,1,11.0,15.0,15.142857142857142,0,38.5,33,0.0,2,0,1,0,1,0,3.5
2023-05-26,11,33.0,0.45454545454545453,11,38.54545454545455,0,6,8,0,0,4,5,2023,2,0,1,16.0,15.0,14.571428571428571,0,34.5,48,0.0,0,0,0,0,1,0,1.5
2023-05-27,14,32.857142857142854,0.2857142857142857,14,33.57142857142857,14,4,9,0,0,5,5,2023,2,1,1,11.0,14.0,14.571428571428571,0,40.0,37,0.0,4,0,1,0,2,0,7.0
2023-05-28,10,36.8,0.2,10,48.4,10,3,6,0,0,6,5,2023,2,1,1,14.0,16.0,13.714285714285714,0,35.7,36,0.0,0,0,0,0,3,1,4.5
2023-05-29,15,32.86666666666667,0.4666666666666667,15,39.53333333333333,0,6,9,0,0,0,5,2023,2,0,1,10.0,21.0,12.857142857142858,0,35.4,45,0.0,0,0,0,0,1,0,1.5
2023-05-30,24,32.375,0.3333333333333333,24,29.125,0,12,14,0,1,1,5,2023,2,0,1,15.0,13.0,14.428571428571429,1,38.9,43,0.0,2,0,1,0,1,0,3.5
2023-05-31,11,36.0,0.5454545454545454,11,33.90909090909091,0,3,8,0,0,2,5,2023,2,0,1,24.0,11.0,14.428571428571429,0,38.1,39,0.0,2,0,1,0,1,0,3.5
2023-06-01,26,34.88461538461539,0.46153846153846156,0,40.23076923076923,0,14,15,1,1,3,6,2023,2,0,2,11.0,16.0,15.857142857142858,1,30.8,70,6.2,2,0,0,0,0,0,2.0
2023-06-02,17,34.94117647058823,0.4117647058823529,0,42.705882352941174,0,5,12,0,0,4,6,2023,2,0,2,26.0,11.0,16.714285714285715,0,32.8,63,7.3,1,0,0,0,0,0,1.0
2023-06-03,19,32.73684210526316,0.47368421052631576,0,39.526315789473685,19,4,7,0,0,5,6,2023,2,1,2,17.0,14.0,17.428571428571427,1,30.4,67,20.5,3,0,0,1,1,0,4.5
2023-06-04,17,34.411764705882355,0.35294117647058826,0,42.1764705882353,17,7,9,1,0,6,6,2023,2,1,2,19.0,10.0,18.428571428571427,0,31.8,68,31.0,3,0,0,1,2,0,6.0
2023-06-05,18,34.388888888888886,0.5555555555555556,0,35.72222222222222,0,3,11,0,1,0,6,2023,2,0,2,17.0,15.0,18.857142857142858,1,32.2,66,0.0,0,0,0,0,0,0,0.0
2023-06-06,17,33.294117647058826,0.47058823529411764,0,50.05882352941177,0,8,6,1,2,1,6,2023,2,0,2,18.0,24.0,17.857142857142858,0,31.4,77,0.0,1,0,0,0,0,0,1.0
2023-06-07,17,35.0,0.6470588235294118,0,45.35294117647059,0,5,10,1,0,2,6,2023,2,0,2,17.0,11.0,18.714285714285715,0,35.5,73,0.0,1,0,0,0,0,0,1.0
2023-06-08,19,36.73684210526316,0.42105263157894735,0,46.73684210526316,0,8,10,0,1,3,6,2023,2,0,2,17.0,26.0,17.714285714285715,1,34.3,74,4.2,1,0,0,0,0,0,1.0
2023-06-09,19,37.36842105263158,0.5263157894736842,0,44.05263157894737,0,9,11,1,0,4,6,2023,2,0,2,19.0,17.0,18.0,1,34.4,67,4.8,0,0,0,0,0,0,0.0
2023-06-10,14,31.428571428571427,0.5,0,41.285714285714285,14,3,9,1,0,5,6,2023,2,1,2,19.0,19.0,17.285714285714285,0,32.0,67,20.3,3,0,0,1,1,0,4.5
2023-06-11,17,45.470588235294116,0.4117647058823529,0,36.88235294117647,17,6,8,1,0,6,6,2023,2,1,2,14.0,17.0,17.285714285714285,0,31.8,64,0.0,0,0,0,0,2,0,3.0
2023-06-12,20,32.55,0.5,0,39.65,0,6,12,1,2,0,6,2023,2,0,2,17.0,18.0,17.571428571428573,1,30.9,75,0.0,1,0,0,0,0,0,1.0
2023-06-13,13,39.61538461538461,0.46153846153846156,0,33.0,0,7,8,0,0,1,6,2023,2,0,2,20.0,17.0,17.0,0,34.7,75,0.0,1,0,0,0,0,0,1.0
2023-06-14,14,36.0,0.5714285714285714,0,49.285714285714285,0,4,7,0,0,2,6,2023,2,0,2,13.0,17.0,16.571428571428573,0,35.0,77,0.0,1,0,0,0,0,0,1.0
2023-06-15,15,31.6,0.5333333333333333,0,29.933333333333334,0,4,10,0,0,3,6,2023,2,0,2,14.0,19.0,16.0,0,35.7,74,0.0,1,0,0,0,0,0,1.0
2023-06-16,13,33.84615384615385,0.5384615384615384,0,40.84615384615385,0,9,10,1,0,4,6,2023,2,0,2,15.0,19.0,15.142857142857142,0,34.6,74,8.0,2,0,0,0,0,0,2.0
2023-06-17,15,31.8,0.3333333333333333,0,47.13333333333333,15,5,8,1,1,5,6,2023,2,1,2,13.0,14.0,15.285714285714286,0,34.5,63,25.8,3,0,0,1,1,0,4.5
2023-06-18,17,36.0,0.5882352941176471,0,39.411764705882355,17,4,13,0,0,6,6,2023,2,1,2,15.0,17.0,15.285714285714286,0,30.3,65,0.0,0,0,0,0,2,0,3.0
2023-06-19,10,29.8,0.7,0,42.4,0,1,5,0,1,0,6,2023,2,0,2,17.0,20.0,13.857142857142858,0,31.2,75,13.6,2,0,0,1,0,0,2.0
2023-06-20,13,41.30769230769231,0.38461538461538464,0,43.15384615384615,0,3,8,0,0,1,6,2023,2,0,2,10.0,13.0,13.857142857142858,0,34.8,67,0.0,0,0,0,0,0,0,0.0
2023-06-21,17,29.764705882352942,0.4117647058823529,0,38.11764705882353,0,2,8,0,0,2,6,2023,2,0,2,13.0,14.0,14.285714285714286,0,31.7,73,0.0,1,0,0,0,0,0,1.0
2023-06-22,26,37.92307692307692,0.46153846153846156,0,34.03846153846154,0,6,17,0,1,3,6,2023,2,0,2,17.0,15.0,15.857142857142858,1,34.0,73,34.8,4,0,0,1,0,0,4.0
2023-06-23,8,38.625,0.625,0,42.625,0,4,4,1,0,4,6,2023,2,0,2,26.0,13.0,15.142857142857142,0,34.2,64,15.5,1,0,0,1,0,0,1.0
2023-06-24,17,41.470588235294116,0.5294117647058824,0,30.529411764705884,17,5,9,0,0,5,6,2023,2,1,2,8.0,15.0,15.428571428571429,0,30.6,66,24.5,3,0,0,1,1,0,4.5
2023-06-25,18,39.5,0.4444444444444444,0,33.27777777777778,18,6,14,1,0,6,6,2023,2,1,2,17.0,17.0,15.571428571428571,1,31.6,62,16.4,1,0,0,1,2,0,4.0
2023-06-26,19,29.736842105263158,0.5263157894736842,0,43.421052631578945,0,7,14,1,0,0,6,2023,2,0,2,18.0,10.0,16.857142857142858,1,30.1,65,6.2,1,0,0,0,0,0,1.0
2023-06-27,20,37.75,0.55,0,36.35,0,10,11,1,0,1,6,2023,2,0,2,19.0,13.0,17.857142857142858,1,31.3,63,0.0,0,0,0,0,0,0,0.0
2023-06-28,23,37.78260869565217,0.6521739130434783,0,40.08695652173913,0,8,23,0,0,2,6,2023,2,0,2,20.0,17.0,18.714285714285715,1,30.5,77,20.2,4,0,0,1,0,0,4.0
2023-06-29,16,34.1875,0.4375,0,46.3125,0,8,9,1,1,3,6,2023,2,0,2,23.0,26.0,17.285714285714285,0,35.7,63,0.0,0,0,0,0,0,0,0.0
2023-06-30,12,36.166666666666664,0.5833333333333334,0,33.833333333333336,0,4,7,0,1,4,6,2023,2,0,2,16.0,8.0,17.857142857142858,0,30.3,72,0.0,1,0,0,0,0,0,1.0
2023-07-01,15,38.2,0.5333333333333333,0,32.86666666666667,15,3,13,0,0,5,7,2023,3,1,2,12.0,17.0,17.571428571428573,0,25.7,74,0.0,1,0,0,0,1,0,2.5
2023-07-02,9,32.44444444444444,0.8888888888888888,0,46.666666666666664,9,1,8,0,0,6,7,2023,3,1,2,15.0,18.0,16.285714285714285,0,25.9,87,37.5,5,1,0,1,2,0,8.0
2023-07-03,16,37.875,0.5625,0,47.8125,0,6,9,0,2,0,7,2023,3,0,2,9.0,19.0,15.857142857142858,0,30.6,76,36.5,4,0,0,1,0,0,4.0
2023-07-04,16,34.125,0.3125,0,45.5,0,3,12,0,0,1,7,2023,3,0,2,16.0,20.0,15.285714285714286,0,26.7,82,16.3,3,0,0,1,0,0,3.0
2023-07-05,8,24.5,0.5,0,48.875,0,3,7,0,0,2,7,2023,3,0,2,16.0,23.0,13.142857142857142,0,28.7,80,16.7,3,0,0,1,0,0,3.0
2023-07-06,12,34.666666666666664,0.16666666666666666,0,39.916666666666664,0,4,5,0,1,3,7,2023,3,0,2,8.0,16.0,12.571428571428571,0,27.8,75,33.0,4,0,0,1,0,0,4.0
2023-07-07,15,38.333333333333336,0.4666666666666667,0,48.666666666666664,0,6,9,0,0,4,7,2023,3,0,2,12.0,12.0,13.0,0,26.3,72,0.0,1,0,0,0,0,0,1.0
2023-07-08,12,43.833333333333336,0.6666666666666666,0,32.583333333333336,12,4,7,0,0,5,7,2023,3,1,2,15.0,15.0,12.571428571428571,0,25.1,84,0.0,2,0,0,0,1,0,3.5
2023-07-09,16,30.9375,0.5,0,28.4375,16,7,6,0,1,6,7,2023,3,1,2,12.0,9.0,13.571428571428571,0,29.5,86,26.8,5,1,0,1,2,0,8.0
2023-07-10,17,34.94117647058823,0.47058823529411764,0,35.23529411764706,0,3,10,2,0,0,7,2023,3,0,2,16.0,16.0,13.714285714285714,0,30.1,81,5.1,3,0,0,0,0,0,3.0
2023-07-11,17,30.294117647058822,0.6470588235294118,0,33.0,0,6,10,1,1,1,7,2023,3,0,2,17.0,16.0,13.857142857142858,0,28.3,83,0.0,2,0,0,0,0,0,2.0
2023-07-12,14,32.42857142857143,0.42857142857142855,0,33.07142857142857,0,4,9,0,0,2,7,2023,3,0,2,17.0,8.0,14.714285714285714,0,29.0,88,14.2,3,0,0,1,0,0,3.0
2023-07-13,20,31.1,0.7,0,40.65,0,4,12,0,1,3,7,2023,3,0,2,14.0,12.0,15.857142857142858,1,30.9,80,14.0,3,0,0,1,0,0,3.0
2023-07-14,15,34.333333333333336,0.4,0,40.13333333333333,0,7,10,0,1,4,7,2023,3,0,2,20.0,15.0,15.857142857142858,0,28.1,78,12.1,2,0,0,1,0,0,2.0
2023-07-15,15,28.6,0.5333333333333333,0,45.0,15,9,9,0,0,5,7,2023,3,1,2,15.0,12.0,16.285714285714285,0,27.4,78,29.5,4,0,0,1,1,0,5.5
2023-07-16,14,32.0,0.21428571428571427,0,37.285714285714285,14,7,11,0,1,6,7,2023,3,1,2,15.0,16.0,16.0,0,27.1,82,30.8,5,1,0,1,2,0,8.0
2023-07-17,16,37.625,0.375,0,43.4375,0,7,11,0,0,0,7,2023,3,0,2,14.0,17.0,15.857142857142858,0,28.9,74,1.6,1,0,0,0,0,0,1.0
2023-07-18,14,37.785714285714285,0.42857142857142855,0,40.642857142857146,0,5,7,0,0,1,7,2023,3,0,2,16.0,17.0,15.428571428571429,0,25.8,83,27.1,5,1,0,1,0,0,5.0
2023-07-19,16,36.375,0.4375,0,36.5625,0,4,9,0,0,2,7,2023,3,0,2,14.0,14.0,15.714285714285714,0,29.1,82,16.9,3,0,0,1,0,0,3.0
2023-07-20,14,38.857142857142854,0.7142857142857143,0,41.57142857142857,0,8,9,0,0,3,7,2023,3,0,2,16.0,20.0,14.857142857142858,0,28.6,73,21.2,4,0,0,1,0,0,4.0
2023-07-21,13,37.0,0.38461538461538464,0,40.76923076923077,0,3,10,0,0,4,7,2023,3,0,2,14.0,15.0,14.571428571428571,0,25.4,74,20.2,4,0,0,1,0,0,4.0
2023-07-22,19,33.0,0.631578947368421,0,35.05263157894737,19,5,9,3,0,5,7,2023,3,1,2,13.0,15.0,15.142857142857142,1,25.8,76,0.0,1,0,0,0,1,0,2.5
2023-07-23,15,33.333333333333336,0.5333333333333333,0,40.733333333333334,15,7,10,0,1,6,7,2023,3,1,2,19.0,14.0,15.285714285714286,0,26.3,86,35.2,5,1,0,1,2,0,8.0
2023-07-24,18,36.94444444444444,0.5,0,50.611111111111114,0,9,10,0,1,0,7,2023,3,0,2,15.0,16.0,15.571428571428571,1,30.3,80,0.0,2,0,0,0,0,0,2.0
2023-07-25,14,34.357142857142854,0.35714285714285715,0,35.857142857142854,0,5,8,0,2,1,7,2023,3,0,2,18.0,14.0,15.571428571428571,0,28.0,84,11.4,3,0,0,1,0,0,3.0
2023-07-26,16,39.0,0.625,0,32.375,0,7,6,0,0,2,7,2023,3,0,2,14.0,16.0,15.571428571428571,0,29.7,73,33.6,4,0,0,1,0,0,4.0
2023-07-27,13,32.0,0.6923076923076923,0,37.76923076923077,0,2,5,0,0,3,7,2023,3,0,2,16.0,14.0,15.428571428571429,0,25.2,72,30.9,4,0,0,1,0,0,4.0
2023-07-28,12,33.5,0.6666666666666666,0,45.583333333333336,0,4,8,1,0,4,7,2023,3,0,2,13.0,13.0,15.285714285714286,0,25.1,73,12.6,2,0,0,1,0,0,2.0
2023-07-29,19,37.89473684210526,0.5789473684210527,0,35.94736842105263,19,6,13,0,0,5,7,2023,3,1,2,12.0,19.0,15.285714285714286,1,25.2,77,38.0,4,0,0,1,1,0,5.5
2023-07-30,19,32.0,0.47368421052631576,0,39.8421052631579,19,7,9,1,0,6,7,2023,3,1,2,19.0,15.0,15.857142857142858,1,26.8,79,0.0,1,0,0,0,2,0,4.0
2023-07-31,15,35.13333333333333,0.4,0,38.46666666666667,0,8,9,1,0,0,7,2023,3,0,2,19.0,18.0,15.428571428571429,0,27.5,87,0.0,2,0,0,0,0,0,2.0
2023-08-01,14,35.714285714285715,0.6428571428571429,0,41.785714285714285,0,7,12,0,1,1,8,2023,3,0,2,15.0,14.0,15.428571428571429,0,27.0,82,39.1,5,1,0,1,1,0,6.5
2023-08-02,15,38.53333333333333,0.5333333333333333,0,30.733333333333334,0,5,7,1,2,2,8,2023,3,0,2,14.0,16.0,15.285714285714286,0,26.8,77,9.9,2,0,0,0,0,0,2.0
2023-08-03,17,38.94117647058823,0.4117647058823529,0,39.11764705882353,0,7,11,0,1,3,8,2023,3,0,2,15.0,13.0,15.857142857142858,0,25.1,77,25.2,4,0,0,1,0,0,4.0
2023-08-04,12,35.666666666666664,0.4166666666666667,0,34.416666666666664,0,2,9,0,0,4,8,2023,3,0,2,17.0,12.0,15.857142857142858,0,25.3,74,30.8,4,0,0,1,0,0,4.0
2023-08-05,23,39.47826086956522,0.5652173913043478,0,43.52173913043478,23,9,10,0,1,5,8,2023,3,1,2,12.0,19.0,16.428571428571427,1,24.2,77,0.0,1,0,0,0,1,0,2.5
2023-08-06,10,25.1,0.6,0,40.3,10,3,7,0,1,6,8,2023,3,1,2,23.0,19.0,15.142857142857142,0,25.0,88,0.0,2,0,0,0,2,0,5.0
2023-08-07,18,43.666666666666664,0.3333333333333333,0,34.77777777777778,0,6,13,0,0,0,8,2023,3,0,2,10.0,15.0,15.571428571428571,1,29.3,89,28.4,5,1,0,1,0,0,5.0
2023-08-08,11,38.09090909090909,0.45454545454545453,0,30.545454545454547,0,4,7,0,0,1,8,2023,3,0,2,18.0,14.0,15.142857142857142,0,29.8,75,26.0,4,0,0,1,0,0,4.0
2023-08-09,12,28.25,0.4166666666666667,0,39.083333333333336,0,7,4,0,0,2,8,2023,3,0,2,11.0,15.0,14.714285714285714,0,24.3,75,21.1,4,0,0,1,0,0,4.0
2023-08-10,24,36.291666666666664,0.5416666666666666,0,34.833333333333336,0,10,21,0,0,3,8,2023,3,0,2,12.0,17.0,15.714285714285714,1,24.3,83,24.6,5,1,0,1,0,0,5.0
2023-08-11,16,31.875,0.6875,0,45.75,0,4,11,0,0,4,8,2023,3,0,2,24.0,12.0,16.285714285714285,0,27.6,82,0.0,2,0,0,0,0,0,2.0
2023-08-12,21,32.333333333333336,0.23809523809523808,0,49.61904761904762,21,5,13,2,1,5,8,2023,3,1,2,16.0,23.0,16.0,1,27.0,90,28.2,5,1,0,1,1,0,6.5
2023-08-13,16,36.3125,0.625,0,34.25,16,3,11,0,0,6,8,2023,3,1,2,21.0,10.0,16.857142857142858,0,29.9,77,0.0,1,0,0,0,2,0,4.0
2023-08-14,15,41.13333333333333,0.26666666666666666,0,42.13333333333333,0,7,11,0,0,0,8,2023,3,0,2,16.0,18.0,16.428571428571427,0,25.1,87,8.2,3,0,0,0,0,0,3.0
2023-08-15,14,32.07142857142857,0.42857142857142855,0,36.07142857142857,0,6,11,0,0,1,8,2023,3,0,2,15.0,11.0,16.857142857142858,0,28.8,78,11.1,2,0,0,1,0,0,2.0
2023-08-16,18,34.22222222222222,0.2777777777777778,0,51.55555555555556,0,6,11,1,1,2,8,2023,3,0,2,14.0,12.0,17.714285714285715,1,25.6,82,0.0,2,0,0,0,0,0,2.0
2023-08-17,12,43.666666666666664,0.4166666666666667,0,32.25,0,8,7,0,0,3,8,2023,3,0,2,18.0,24.0,16.0,0,27.0,88,28.9,5,1,0,1,0,0,5.0
2023-08-18,18,38.5,0.5555555555555556,0,33.22222222222222,0,5,11,1,1,4,8,2023,3,0,2,12.0,16.0,16.285714285714285,1,29.2,77,23.3,4,0,0,1,0,0,4.0
2023-08-19,16,32.6875,0.5625,0,38.375,16,6,8,0,0,5,8,2023,3,1,2,18.0,21.0,15.571428571428571,0,25.3,75,18.1,2,0,0,1,1,0,3.5
2023-08-20,22,41.04545454545455,0.45454545454545453,0,41.77272727272727,22,11,16,0,0,6,8,2023,3,1,2,16.0,16.0,16.428571428571427,1,24.3,82,11.7,3,0,0,1,2,0,6.0
2023-08-21,16,36.6875,0.5,0,29.375,0,6,8,0,1,0,8,2023,3,0,2,22.0,15.0,16.571428571428573,0,27.1,77,25.3,4,0,0,1,0,0,4.0
2023-08-22,10,38.5,0.4,0,32.6,0,1,5,0,1,1,8,2023,3,0,2,16.0,14.0,16.0,0,25.2,75,10.5,2,0,0,1,0,0,2.0
2023-08-23,18,33.77777777777778,0.4444444444444444,0,39.666666666666664,0,7,10,2,0,2,8,2023,3,0,2,10.0,18.0,16.0,1,24.3,81,0.0,2,0,0,0,0,0,2.0
2023-08-24,13,41.69230769230769,0.38461538461538464,0,25.76923076923077,0,5,7,0,1,3,8,2023,3,0,2,18.0,12.0,16.142857142857142,0,26.6,86,0.0,2,0,0,0,0,0,2.0
2023-08-25,20,31.7,0.45,0,39.4,0,8,12,1,0,4,8,2023,3,0,2,13.0,18.0,16.428571428571427,1,28.4,90,11.0,3,0,0,1,0,0,3.0
2023-08-26,17,36.470588235294116,0.35294117647058826,0,28.058823529411764,17,6,8,0,0,5,8,2023,3,1,2,20.0,16.0,16.571428571428573,0,30.0,79,10.2,2,0,0,1,1,0,3.5
2023-08-27,19,37.21052631578947,0.631578947368421,0,38.68421052631579,19,9,11,0,2,6,8,2023,3,1,2,17.0,22.0,16.142857142857142,1,25.9,83,19.5,3,0,0,1,2,0,6.0
2023-08-28,17,36.294117647058826,0.5882352941176471,0,39.705882352941174,0,7,13,0,0,0,8,2023,3,0,2,19.0,16.0,16.285714285714285,0,27.3,75,38.8,4,0,0,1,0,0,4.0
2023-08-29,22,32.0,0.45454545454545453,0,39.36363636363637,0,9,9,0,2,1,8,2023,3,0,2,17.0,10.0,18.0,1,24.3,81,0.0,2,0,0,0,0,0,2.0
2023-08-30,9,41.44444444444444,0.4444444444444444,0,35.22222222222222,0,3,5,0,1,2,8,2023,3,0,2,22.0,18.0,16.714285714285715,0,26.7,90,0.0,2,0,0,0,0,0,2.0
2023-08-31,9,40.44444444444444,0.6666666666666666,0,47.111111111111114,0,4,4,0,0,3,8,2023,3,0,2,9.0,13.0,16.142857142857142,0,30.0,89,0.0,2,0,0,0,0,0,2.0
2023-09-01,12,29.833333333333332,0.8333333333333334,0,42.0,0,4,7,0,1,4,9,2023,3,0,3,9.0,20.0,15.0,0,28.6,67,0.0,0,0,0,0,0,0,0.0
2023-09-02,18,34.77777777777778,0.4444444444444444,0,39.666666666666664,18,6,12,0,0,5,9,2023,3,1,3,12.0,17.0,15.142857142857142,1,24.1,78,25.1,4,0,0,1,1,0,5.5
2023-09-03,17,35.0,0.7058823529411765,0,42.05882352941177,17,7,11,2,0,6,9,2023,3,1,3,18.0,19.0,14.857142857142858,0,28.0,70,25.0,4,0,0,1,2,0,7.0
2023-09-04,15,34.06666666666667,0.5333333333333333,0,46.666666666666664,0,6,9,1,0,0,9,2023,3,0,3,17.0,17.0,14.571428571428571,0,25.2,68,0.0,0,0,0,0,0,0,0.0
2023-09-05,13,34.84615384615385,0.5384615384615384,0,33.23076923076923,0,4,7,0,0,1,9,2023,3,0,3,15.0,22.0,13.285714285714286,0,24.6,77,8.5,2,0,0,0,0,0,2.0
2023-09-06,11,36.81818181818182,0.36363636363636365,0,45.45454545454545,0,3,5,1,0,2,9,2023,3,0,3,13.0,9.0,13.571428571428571,0,27.6,69,29.7,3,0,0,1,0,0,3.0
2023-09-07,14,34.5,0.42857142857142855,0,43.357142857142854,0,3,10,0,0,3,9,2023,3,0,3,11.0,9.0,14.285714285714286,0,24.7,72,3.8,1,0,0,0,0,0,1.0
2023-09-08,17,32.88235294117647,0.5882352941176471,0,43.88235294117647,0,9,7,0,1,4,9,2023,3,0,3,14.0,12.0,15.0,0,25.7,74,34.3,4,0,0,1,0,0,4.0
2023-09-09,15,43.46666666666667,0.4,0,37.93333333333333,15,7,12,0,0,5,9,2023,3,1,3,17.0,18.0,14.571428571428571,0,26.8,69,4.1,0,0,0,0,1,0,1.5
2023-09-10,16,28.375,0.5625,0,34.875,16,3,10,1,0,6,9,2023,3,1,3,15.0,17.0,14.428571428571429,0,24.8,68,0.0,0,0,0,0,2,0,3.0
2023-09-11,9,34.77777777777778,0.3333333333333333,0,33.0,0,3,3,1,0,0,9,2023,3,0,3,16.0,15.0,13.571428571428571,0,24.5,78,0.0,1,0,0,0,0,0,1.0
2023-09-12,10,35.2,0.5,0,47.3,0,3,4,0,0,1,9,2023,3,0,3,9.0,13.0,13.142857142857142,0,28.2,81,26.2,5,1,0,1,0,0,5.0
2023-09-13,12,32.0,0.75,0,58.25,0,4,4,0,0,2,9,2023,3,0,3,10.0,11.0,13.285714285714286,0,29.1,72,0.0,1,0,0,0,0,0,1.0
2023-09-14,13,37.61538461538461,0.5384615384615384,0,45.92307692307692,0,10,7,0,1,3,9,2023,3,0,3,12.0,14.0,13.142857142857142,0,25.9,82,0.0,2,0,0,0,0,0,2.0
2023-09-15,26,37.38461538461539,0.5384615384615384,0,35.19230769230769,0,7,15,0,1,4,9,2023,3,0,3,13.0,17.0,14.428571428571429,1,29.4,80,20.3,5,1,0,1,0,0,5.0
2023-09-16,22,33.95454545454545,0.5454545454545454,0,38.68181818181818,22,6,12,0,0,5,9,2023,3,1,3,26.0,15.0,15.428571428571429,1,28.7,70,0.0,1,0,0,0,1,0,2.5
2023-09-17,16,32.5,0.25,0,40.5,16,9,13,0,0,6,9,2023,3,1,3,22.0,16.0,15.428571428571429,0,25.2,79,11.4,2,0,0,1,2,0,5.0
2023-09-18,12,37.25,0.4166666666666667,0,39.416666666666664,0,4,3,0,1,0,9,2023,3,0,3,16.0,9.0,15.857142857142858,0,28.5,72,0.0,1,0,0,0,0,0,1.0
2023-09-19,21,34.04761904761905,0.5238095238095238,0,33.857142857142854,0,3,11,0,0,1,9,2023,3,0,3,12.0,10.0,17.428571428571427,1,26.1,78,0.0,1,0,0,0,0,0,1.0
2023-09-20,12,34.583333333333336,0.4166666666666667,0,40.5,0,3,8,0,0,2,9,2023,3,0,3,21.0,12.0,17.428571428571427,0,28.1,82,12.5,3,0,0,1,0,0,3.0
2023-09-21,15,31.0,0.6,0,42.46666666666667,0,5,9,0,0,3,9,2023,3,0,3,12.0,13.0,17.714285714285715,0,29.8,73,0.0,1,0,0,0,0,0,1.0
2023-09-22,23,33.34782608695652,0.4782608695652174,0,48.69565217391305,0,10,8,1,4,4,9,2023,3,0,3,15.0,26.0,17.285714285714285,1,26.2,77,25.6,4,0,0,1,0,0,4.0
2023-09-23,15,33.8,0.5333333333333333,0,31.6,15,5,6,0,0,5,9,2023,3,1,3,23.0,22.0,16.285714285714285,0,27.9,74,0.0,1,0,0,0,1,0,2.5
2023-09-24,15,32.46666666666667,0.7333333333333333,0,41.2,15,5,8,0,0,6,9,2023,3,1,3,15.0,16.0,16.142857142857142,0,26.6,79,39.0,4,0,0,1,2,0,7.0
2023-09-25,14,36.642857142857146,0.5714285714285714,0,30.642857142857142,0,2,7,0,0,0,9,2023,3,0,3,15.0,12.0,16.428571428571427,0,28.5,75,0.0,1,0,0,0,0,0,1.0
2023-09-26,19,32.63157894736842,0.47368421052631576,0,39.94736842105263,0,3,10,0,0,1,9,2023,3,0,3,14.0,21.0,16.142857142857142,1,27.0,77,0.0,1,0,0,0,0,0,1.0
2023-09-27,17,32.1764705882353,0.5294117647058824,0,35.05882352941177,0,10,9,0,1,2,9,2023,3,0,3,19.0,12.0,16.857142857142858,0,27.8,76,0.0,1,0,0,0,0,0,1.0
2023-09-28,16,33.5,0.5625,0,35.625,0,4,12,0,0,3,9,2023,3,0,3,17.0,15.0,17.0,0,27.5,76,0.0,1,0,0,0,0,0,1.0
2023-09-29,15,33.2,0.3333333333333333,0,50.46666666666667,0,5,11,0,0,4,9,2023,3,0,3,16.0,23.0,15.857142857142858,0,27.3,78,0.0,1,0,0,0,0,0,1.0
2023-09-30,19,35.89473684210526,0.7894736842105263,0,35.10526315789474,19,8,10,0,3,5,9,2023,3,1,3,15.0,15.0,16.428571428571427,1,28.1,81,18.6,3,0,0,1,1,0,4.5
2023-10-01,15,36.4,0.4,0,48.06666666666667,15,4,7,0,1,6,10,2023,4,1,3,19.0,15.0,16.428571428571427,0,24.8,59,0.0,0,0,0,0,3,1,4.5
2023-10-02,14,33.357142857142854,0.14285714285714285,0,41.357142857142854,0,7,9,1,0,0,10,2023,4,0,3,15.0,14.0,16.428571428571427,0,23.8,67,34.4,3,0,0,1,0,0,3.0
2023-10-03,15,38.2,0.4666666666666667,0,26.933333333333334,0,5,9,0,0,1,10,2023,4,0,3,14.0,19.0,15.857142857142858,0,26.6,58,0.0,0,0,0,0,0,0,0.0
2023-10-04,18,37.611111111111114,0.5,0,40.94444444444444,0,6,10,0,0,2,10,2023,4,0,3,15.0,17.0,16.0,1,23.2,68,0.0,0,0,0,0,0,0,0.0
2023-10-05,19,29.210526315789473,0.42105263157894735,0,38.526315789473685,0,7,10,0,2,3,10,2023,4,0,3,18.0,16.0,16.428571428571427,1,27.0,69,0.0,0,0,0,0,3,1,4.5
2023-10-06,15,37.266666666666666,0.6,0,39.46666666666667,0,7,9,0,1,4,10,2023,4,0,3,19.0,15.0,16.428571428571427,0,27.5,66,0.0,0,0,0,0,3,1,4.5
2023-10-07,15,34.13333333333333,0.5333333333333333,0,39.0,15,3,11,1,0,5,10,2023,4,1,3,15.0,19.0,15.857142857142858,0,26.3,67,0.0,0,0,0,0,4,1,6.0
2023-10-08,10,38.6,0.4,0,36.4,10,6,5,0,0,6,10,2023,4,1,3,15.0,15.0,15.142857142857142,0,26.7,67,0.0,0,0,0,0,5,1,7.5
2023-10-09,19,36.05263157894737,0.7368421052631579,0,44.89473684210526,0,10,13,0,0,0,10,2023,4,0,3,10.0,14.0,15.857142857142858,1,26.7,63,0.0,0,0,0,0,3,1,4.5
2023-10-10,12,39.833333333333336,0.8333333333333334,0,28.833333333333332,0,4,7,0,0,1,10,2023,4,0,3,19.0,15.0,15.428571428571429,0,25.4,67,31.9,3,0,0,1,3,1,7.5
2023-10-11,20,34.7,0.5,0,48.25,0,8,16,1,0,2,10,2023,4,0,3,12.0,18.0,15.714285714285714,1,26.9,57,0.0,0,0,0,0,3,1,4.5
2023-10-12,18,41.05555555555556,0.5,0,46.5,0,5,12,0,0,3,10,2023,4,0,3,20.0,19.0,15.571428571428571,1,23.2,66,28.4,3,0,0,1,3,1,7.5
2023-10-13,20,36.95,0.7,0,37.75,0,7,14,0,0,4,10,2023,4,0,3,18.0,15.0,16.285714285714285,1,26.3,61,0.0,0,0,0,0,3,1,4.5
2023-10-14,11,38.18181818181818,0.36363636363636365,0,46.27272727272727,11,3,7,0,0,5,10,2023,4,1,3,20.0,15.0,15.714285714285714,0,24.4,67,0.0,0,0,0,0,4,1,6.0
2023-10-15,10,30.9,0.3,0,36.0,10,6,3,1,0,6,10,2023,4,1,3,11.0,10.0,15.714285714285714,0,26.8,70,36.9,4,0,0,1,5,1,11.5
2023-10-16,14,27.571428571428573,0.5,0,53.642857142857146,0,6,8,0,0,0,10,2023,4,0,3,10.0,19.0,15.0,0,28.0,59,37.9,3,0,0,1,3,1,7.5
2023-10-17,11,33.18181818181818,0.6363636363636364,0,41.18181818181818,0,6,7,0,0,1,10,2023,4,0,3,14.0,12.0,14.857142857142858,0,23.7,58,0.0,0,0,0,0,3,1,4.5
2023-10-18,25,34.28,0.44,0,39.04,0,8,12,1,1,2,10,2023,4,0,3,11.0,20.0,15.571428571428571,1,23.5,62,0.0,0,0,0,0,3,1,4.5
2023-10-19,17,39.76470588235294,0.6470588235294118,0,39.529411764705884,0,6,12,0,1,3,10,2023,4,0,3,25.0,18.0,15.428571428571429,0,24.9,69,0.0,0,0,0,0,3,1,4.5
2023-10-20,22,31.954545454545453,0.3181818181818182,0,42.09090909090909,0,10,15,1,0,4,10,2023,4,0,3,17.0,20.0,15.714285714285714,1,27.6,68,39.2,3,0,0,1,3,1,7.5
2023-10-21,18,30.166666666666668,0.5555555555555556,0,42.05555555555556,18,8,8,0,1,5,10,2023,4,1,3,22.0,11.0,16.714285714285715,1,27.2,59,0.0,0,0,0,0,4,1,6.0
2023-10-22,16,36.875,0.5,0,50.9375,16,6,10,0,0,6,10,2023,4,1,3,18.0,10.0,17.571428571428573,0,23.8,72,0.0,1,0,0,0,5,1,8.5
2023-10-23,14,38.714285714285715,0.7142857142857143,0,42.357142857142854,0,9,10,1,0,0,10,2023,4,0,3,16.0,14.0,17.571428571428573,0,28.5,67,0.0,0,0,0,0,3,1,4.5
2023-10-24,13,31.923076923076923,0.46153846153846156,0,44.46153846153846,0,6,6,0,0,1,10,2023,4,0,3,14.0,11.0,17.857142857142858,0,26.9,67,0.0,0,0,0,0,3,1,4.5
2023-10-25,15,29.6,0.4,0,34.666666666666664,0,6,5,0,1,2,10,2023,4,0,3,13.0,25.0,16.428571428571427,0,26.6,63,24.5,3,0,0,1,3,1,7.5
2023-10-26,18,31.666666666666668,0.6111111111111112,0,37.05555555555556,0,4,11,0,0,3,10,2023,4,0,3,15.0,17.0,16.571428571428573,1,25.1,59,0.0,0,0,0,0,0,0,0.0
2023-10-27,10,42.6,0.6,0,37.3,0,4,3,0,0,4,10,2023,4,0,3,18.0,22.0,14.857142857142858,0,23.7,69,17.0,1,0,0,1,0,0,1.0
2023-10-28,15,33.8,0.13333333333333333,0,48.266666666666666,15,4,7,0,0,5,10,2023,4,1,3,10.0,18.0,14.428571428571429,0,27.3,58,0.0,0,0,0,0,1,0,1.5
2023-10-29,18,40.55555555555556,0.4444444444444444,0,42.55555555555556,18,6,10,1,1,6,10,2023,4,1,3,15.0,16.0,14.714285714285714,1,23.2,64,11.0,1,0,0,1,2,0,4.0
2023-10-30,16,26.75,0.25,0,37.3125,0,4,8,1,1,0,10,2023,4,0,3,18.0,14.0,15.0,0,25.7,57,0.0,0,0,0,0,0,0,0.0
2023-10-31,20,35.05,0.4,0,41.15,0,11,8,2,0,1,10,2023,4,0,3,16.0,13.0,16.0,1,23.0,64,0.0,0,0,0,0,0,0,0.0
2023-11-01,17,35.11764705882353,0.5294117647058824,0,41.0,0,7,9,0,0,2,11,2023,4,0,3,20.0,15.0,16.285714285714285,0,25.0,57,0.0,0,0,0,0,3,1,4.5
2023-11-02,12,28.916666666666668,0.3333333333333333,0,40.083333333333336,0,3,3,0,0,3,11,2023,4,0,3,17.0,18.0,15.428571428571429,0,21.8,54,0.0,0,0,0,0,2,0,3.0
2023-11-03,14,34.357142857142854,0.5714285714285714,0,44.0,0,5,7,0,0,4,11,2023,4,0,3,12.0,10.0,16.0,0,20.8,61,0.0,0,0,0,0,2,0,3.0
2023-11-04,17,29.705882352941178,0.35294117647058826,0,36.705882352941174,17,7,12,1,0,5,11,2023,4,1,3,14.0,15.0,16.285714285714285,0,23.4,61,0.0,0,0,0,0,3,1,4.5
2023-11-05,17,33.1764705882353,0.35294117647058826,0,40.411764705882355,17,6,12,0,0,6,11,2023,4,1,3,17.0,18.0,16.142857142857142,0,23.3,60,0.0,0,0,0,0,4,1,6.0
2023-11-06,16,39.8125,0.375,0,51.0,0,7,10,0,1,0,11,2023,4,0,3,17.0,16.0,16.142857142857142,0,22.9,58,0.0,0,0,0,0,2,0,3.0
2023-11-07,19,36.578947368421055,0.42105263157894735,0,34.21052631578947,0,3,11,1,0,1,11,2023,4,0,3,16.0,20.0,16.0,1,22.3,65,0.0,0,0,0,0,2,0,3.0
2023-11-08,14,34.5,0.5,0,38.285714285714285,0,3,10,0,0,2,11,2023,4,0,3,19.0,17.0,15.571428571428571,0,25.0,62,22.3,3,0,0,1,2,0,6.0
2023-11-09,17,39.76470588235294,0.47058823529411764,0,44.588235294117645,0,6,8,0,0,3,11,2023,4,0,3,14.0,12.0,16.285714285714285,0,23.9,53,37.1,3,0,0,1,2,0,6.0
2023-11-10,13,35.23076923076923,0.46153846153846156,0,27.846153846153847,0,3,6,0,0,4,11,2023,4,0,3,17.0,14.0,16.142857142857142,0,20.5,54,9.5,1,0,0,0,2,0,4.0
2023-11-11,12,41.5,0.4166666666666667,0,32.75,12,3,7,0,1,5,11,2023,4,1,3,13.0,17.0,15.428571428571429,0,20.6,53,0.0,0,0,0,0,3,1,4.5
2023-11-12,16,38.0625,0.5625,0,31.4375,16,7,5,0,0,6,11,2023,4,1,3,12.0,17.0,15.285714285714286,0,20.5,68,0.0,0,0,0,0,4,1,6.0
2023-11-13,9,29.22222222222222,0.5555555555555556,0,41.0,0,2,2,0,0,0,11,2023,4,0,3,16.0,16.0,14.285714285714286,0,25.9,54,0.0,0,0,0,0,2,0,3.0
2023-11-14,17,31.0,0.47058823529411764,0,37.294117647058826,0,4,10,0,0,1,11,2023,4,0,3,9.0,19.0,14.0,0,20.9,58,0.0,0,0,0,0,2,0,3.0
2023-11-15,16,37.3125,0.625,0,35.3125,0,5,9,2,1,2,11,2023,4,0,3,17.0,14.0,14.285714285714286,0,22.4,64,0.0,0,0,0,0,2,0,3.0
2023-11-16,17,35.64705882352941,0.5882352941176471,0,40.470588235294116,0,12,10,0,0,3,11,2023,4,0,3,16.0,17.0,14.285714285714286,0,24.6,56,0.0,0,0,0,0,0,0,0.0
2023-11-17,21,36.476190476190474,0.38095238095238093,0,42.285714285714285,0,7,9,0,2,4,11,2023,4,0,3,17.0,13.0,15.428571428571429,1,21.5,64,0.0,0,0,0,0,0,0,0.0
2023-11-18,15,40.8,0.4666666666666667,0,32.86666666666667,15,6,6,0,1,5,11,2023,4,1,3,21.0,12.0,15.857142857142858,0,24.6,54,0.0,0,0,0,0,1,0,1.5
2023-11-19,22,30.318181818181817,0.5,0,42.40909090909091,22,9,18,0,1,6,11,2023,4,1,3,15.0,16.0,16.714285714285715,1,20.9,64,0.0,0,0,0,0,2,0,3.0
2023-11-20,14,35.714285714285715,0.42857142857142855,0,40.285714285714285,0,4,7,1,1,0,11,2023,4,0,3,22.0,9.0,17.428571428571427,0,24.3,60,0.0,0,0,0,0,0,0,0.0
2023-11-21,13,33.53846153846154,0.46153846153846156,0,36.61538461538461,0,2,6,0,2,1,11,2023,4,0,3,14.0,17.0,16.857142857142858,0,22.8,63,0.0,0,0,0,0,0,0,0.0
2023-11-22,10,37.5,0.4,0,45.3,0,5,3,0,0,2,11,2023,4,0,3,13.0,16.0,16.0,0,24.1,57,0.0,0,0,0,0,0,0,0.0
2023-11-23,17,38.05882352941177,0.5294117647058824,0,45.411764705882355,0,9,12,1,0,3,11,2023,4,0,3,10.0,17.0,16.0,0,21.9,57,0.0,0,0,0,0,0,0,0.0
2023-11-24,17,28.11764705882353,0.5882352941176471,0,35.94117647058823,0,6,13,0,1,4,11,2023,4,0,3,17.0,21.0,15.428571428571429,0,21.9,66,0.0,0,0,0,0,0,0,0.0
2023-11-25,13,31.846153846153847,0.7692307692307693,0,42.15384615384615,13,5,5,0,0,5,11,2023,4,1,3,17.0,15.0,15.142857142857142,0,25.3,66,25.9,3,0,0,1,1,0,4.5
2023-11-26,11,43.63636363636363,0.6363636363636364,0,49.0,11,3,5,0,0,6,11,2023,4,1,3,13.0,22.0,13.571428571428571,0,25.3,53,0.0,0,0,0,0,2,0,3.0
2023-11-27,19,38.8421052631579,0.6842105263157895,0,40.421052631578945,0,6,7,0,1,0,11,2023,4,0,3,11.0,14.0,14.285714285714286,1,20.2,64,0.0,0,0,0,0,0,0,0.0
2023-11-28,16,29.5625,0.5,0,44.5,0,6,12,0,0,1,11,2023,4,0,3,19.0,13.0,14.714285714285714,0,24.4,68,0.0,0,0,0,0,0,0,0.0
2023-11-29,15,37.46666666666667,0.4,0,31.666666666666668,0,3,9,0,0,2,11,2023,4,0,3,16.0,10.0,15.428571428571429,0,25.9,58,0.0,0,0,0,0,0,0,0.0
2023-11-30,18,35.27777777777778,0.6111111111111112,0,34.111111111111114,0,10,9,0,1,3,11,2023,4,0,3,15.0,17.0,15.571428571428571,1,22.3,57,0.0,0,0,0,0,0,0,0.0
2023-12-01,16,34.5,0.5625,0,37.1875,0,5,8,1,1,4,12,2023,4,0,0,18.0,17.0,15.428571428571429,0,22.2,58,0.0,0,0,0,0,0,0,0.0
2023-12-02,15,35.4,0.6,0,42.53333333333333,15,9,9,0,0,5,12,2023,4,1,0,16.0,13.0,15.714285714285714,0,21.3,59,0.0,0,0,0,0,1,0,1.5
2023-12-03,14,34.92857142857143,0.5,0,38.0,14,4,8,0,1,6,12,2023,4,1,0,15.0,11.0,16.142857142857142,0,21.7,59,0.0,0,0,0,0,2,0,3.0
2023-12-04,12,44.25,0.5833333333333334,0,36.083333333333336,0,4,6,1,0,0,12,2023,4,0,0,14.0,19.0,15.142857142857142,0,21.9,53,0.0,0,0,0,0,0,0,0.0
2023-12-05,16,40.1875,0.4375,0,43.625,0,5,7,1,0,1,12,2023,4,0,0,12.0,16.0,15.142857142857142,0,19.6,62,0.0,0,0,0,0,0,0,0.0
2023-12-06,11,35.0,0.6363636363636364,0,24.363636363636363,0,3,8,0,0,2,12,2023,4,0,0,16.0,15.0,14.571428571428571,0,22.8,62,30.5,3,0,0,1,0,0,3.0
2023-12-07,7,43.142857142857146,0.2857142857142857,0,45.714285714285715,0,4,6,0,0,3,12,2023,4,0,0,11.0,18.0,13.0,0,22.7,50,0.0,0,0,0,0,0,0,0.0
2023-12-08,16,43.6875,0.375,0,45.3125,0,6,10,0,1,4,12,2023,4,0,0,7.0,16.0,13.0,0,18.3,54,0.0,0,0,0,0,0,0,0.0
2023-12-09,7,33.857142857142854,0.42857142857142855,0,30.857142857142858,7,1,3,1,1,5,12,2023,4,1,0,16.0,15.0,11.857142857142858,0,19.9,54,0.0,0,0,0,0,1,0,1.5
2023-12-10,16,40.1875,0.25,0,38.5,16,7,8,0,2,6,12,2023,4,1,0,7.0,14.0,12.142857142857142,0,19.9,64,0.0,0,0,0,0,2,0,3.0
2023-12-11,16,34.9375,0.4375,0,47.125,0,7,8,0,1,0,12,2023,4,0,0,16.0,12.0,12.714285714285714,0,23.6,53,0.0,0,0,0,0,0,0,0.0
2023-12-12,19,28.68421052631579,0.5789473684210527,0,34.526315789473685,0,8,10,0,0,1,12,2023,4,0,0,16.0,16.0,13.142857142857142,1,19.5,54,0.0,0,0,0,0,0,0,0.0
2023-12-13,10,25.0,0.5,0,33.8,0,3,4,0,0,2,12,2023,4,0,0,19.0,11.0,13.0,0,19.9,54,0.0,0,0,0,0,0,0,0.0
2023-12-14,13,35.46153846153846,0.23076923076923078,0,33.92307692307692,0,7,9,0,0,3,12,2023,4,0,0,10.0,7.0,13.857142857142858,0,20.0,56,0.0,0,0,0,0,0,0,0.0
2023-12-15,27,33.81481481481482,0.6296296296296297,0,47.851851851851855,0,8,14,3,1,4,12,2023,4,0,0,13.0,16.0,15.428571428571429,1,20.7,65,0.0,0,0,0,0,0,0,0.0
2023-12-16,19,33.63157894736842,0.5789473684210527,0,49.31578947368421,19,7,10,1,0,5,12,2023,4,1,0,27.0,7.0,17.142857142857142,1,24.0,61,0.0,0,0,0,0,1,0,1.5
2023-12-17,18,36.611111111111114,0.5,0,42.44444444444444,18,10,12,0,0,6,12,2023,4,1,0,19.0,16.0,17.428571428571427,1,22.3,60,0.0,0,0,0,0,2,0,3.0
2023-12-18,12,30.5,0.6666666666666666,0,35.916666666666664,0,6,3,0,0,0,12,2023,4,0,0,18.0,16.0,16.857142857142858,0,22.2,56,0.0,0,0,0,0,0,0,0.0
2023-12-19,20,33.6,0.45,0,43.3,0,9,9,0,1,1,12,2023,4,0,0,12.0,19.0,17.0,1,20.8,52,0.0,0,0,0,0,0,0,0.0
2023-12-20,12,26.75,0.5,0,30.0,0,1,5,1,1,2,12,2023,4,0,0,20.0,10.0,17.285714285714285,0,19.2,57,0.0,0,0,0,0,0,0,0.0
2023-12-21,19,37.68421052631579,0.42105263157894735,0,46.78947368421053,0,6,13,0,1,3,12,2023,4,0,0,12.0,13.0,18.142857142857142,1,20.8,50,0.0,0,0,0,0,0,0,0.0
2023-12-22,18,36.611111111111114,0.6111111111111112,0,45.05555555555556,0,5,10,0,1,4,12,2023,4,0,0,19.0,27.0,16.857142857142858,1,18.4,57,0.0,0,0,0,0,0,0,0.0
2023-12-23,21,35.42857142857143,0.3333333333333333,0,38.76190476190476,21,9,8,0,0,5,12,2023,4,1,0,18.0,19.0,17.142857142857142,1,21.2,61,0.0,0,0,0,0,1,0,1.5
2023-12-24,18,31.944444444444443,0.3888888888888889,0,37.05555555555556,18,7,14,0,0,6,12,2023,4,1,0,21.0,18.0,17.142857142857142,1,22.3,59,0.0,0,0,0,0,2,0,3.0
2023-12-25,16,31.875,0.5625,0,44.375,0,9,10,0,1,0,12,2023,4,0,0,18.0,12.0,17.714285714285715,0,21.6,56,0.0,0,0,0,0,0,0,0.0
2023-12-26,14,28.642857142857142,0.7142857142857143,0,47.214285714285715,0,3,10,0,0,1,12,2023,4,0,0,16.0,20.0,16.857142857142858,0,20.5,55,0.0,0,0,0,0,0,0,0.0
2023-12-27,14,39.214285714285715,0.7142857142857143,0,39.214285714285715,0,7,9,1,0,2,12,2023,4,0,0,14.0,12.0,17.142857142857142,0,20.3,56,0.0,0,0,0,0,0,0,0.0
2023-12-28,16,32.0625,0.4375,0,39.0,0,4,9,0,2,3,12,2023,4,0,0,14.0,19.0,16.714285714285715,0,20.5,54,0.0,0,0,0,0,0,0,0.0
2023-12-29,21,28.285714285714285,0.5238095238095238,0,40.666666666666664,0,5,15,0,1,4,12,2023,4,0,0,16.0,18.0,17.142857142857142,1,19.9,53,0.0,0,0,0,0,0,0,0.0
2023-12-30,21,35.476190476190474,0.6666666666666666,0,40.42857142857143,21,9,12,0,1,5,12,2023,4,1,0,21.0,21.0,17.142857142857142,1,19.7,56,0.0,0,0,0,0,1,0,1.5
2023-12-31,15,39.8,0.6,0,46.733333333333334,15,3,11,1,1,6,12,2023,4,1,0,21.0,18.0,16.714285714285715,0,20.6,57,0.0,0,0,0,0,2,0,3.0
2024-01-01,19,37.78947368421053,0.7368421052631579,0,33.63157894736842,0,11,13,1,2,0,1,2024,1,0,0,15.0,16.0,17.142857142857142,1,22.1,57,0.0,0,0,0,0,1,0,1.5
2024-01-02,14,38.214285714285715,0.5714285714285714,0,28.642857142857142,0,7,7,0,0,1,1,2024,1,0,0,19.0,14.0,17.142857142857142,0,22.6,54,0.0,0,0,0,0,0,0,0.0
2024-01-03,13,40.92307692307692,0.6923076923076923,0,38.46153846153846,0,3,7,1,0,2,1,2024,1,0,0,14.0,14.0,17.0,0,21.6,49,0.0,0,0,0,0,0,0,0.0
2024-01-04,22,34.5,0.6363636363636364,0,36.27272727272727,0,3,11,0,0,3,1,2024,1,0,0,13.0,16.0,17.857142857142858,1,19.9,48,38.2,3,0,0,1,0,0,3.0
2024-01-05,19,30.68421052631579,0.47368421052631576,0,35.05263157894737,0,8,11,0,1,4,1,2024,1,0,0,22.0,21.0,17.571428571428573,1,19.5,47,0.0,0,0,0,0,0,0,0.0
2024-01-06,15,37.666666666666664,0.26666666666666666,0,27.466666666666665,15,8,13,0,0,5,1,2024,1,1,0,19.0,21.0,16.714285714285715,0,19.1,50,0.0,0,0,0,0,1,0,1.5
2024-01-07,12,36.083333333333336,0.4166666666666667,0,36.916666666666664,12,5,6,0,0,6,1,2024,1,1,0,15.0,15.0,16.285714285714285,0,20.0,51,0.0,0,0,0,0,2,0,3.0
2024-01-08,21,43.523809523809526,0.5238095238095238,0,45.42857142857143,0,10,12,1,2,0,1,2024,1,0,0,12.0,19.0,16.571428571428573,1,20.4,57,0.0,0,0,0,0,0,0,0.0
2024-01-09,12,29.5,0.6666666666666666,0,37.583333333333336,0,4,9,0,0,1,1,2024,1,0,0,21.0,14.0,16.285714285714285,0,22.7,49,0.0,0,0,0,0,0,0,0.0
2024-01-10,13,38.07692307692308,0.6153846153846154,0,38.84615384615385,0,4,6,0,1,2,1,2024,1,0,0,12.0,13.0,16.285714285714285,0,19.7,57,0.0,0,0,0,0,0,0,0.0
2024-01-11,13,35.84615384615385,0.6153846153846154,0,36.0,0,6,10,0,0,3,1,2024,1,0,0,13.0,22.0,15.0,0,22.7,53,0.0,0,0,0,0,0,0,0.0
2024-01-12,16,32.625,0.5625,0,40.125,0,11,7,0,1,4,1,2024,1,0,0,13.0,19.0,14.571428571428571,0,21.3,61,0.0,0,0,0,0,2,0,3.0
2024-01-13,20,39.2,0.5,0,39.6,20,9,12,0,1,5,1,2024,1,1,0,16.0,15.0,15.285714285714286,1,24.1,49,0.0,0,0,0,0,3,1,4.5
2024-01-14,25,35.28,0.52,0,45.36,25,10,14,0,1,6,1,2024,1,1,0,20.0,12.0,17.142857142857142,1,19.9,50,0.0,0,0,0,0,4,1,6.0
2024-01-15,20,32.55,0.6,0,41.1,0,8,13,0,1,0,1,2024,1,0,0,25.0,21.0,17.0,1,20.2,53,0.0,0,0,0,0,2,0,3.0
2024-01-16,14,35.642857142857146,0.42857142857142855,0,41.0,0,5,8,0,0,1,1,2024,1,0,0,20.0,12.0,17.285714285714285,0,21.3,54,0.0,0,0,0,0,2,0,3.0
2024-01-17,17,38.76470588235294,0.5882352941176471,0,44.88235294117647,0,10,10,0,1,2,1,2024,1,0,0,14.0,13.0,17.857142857142858,0,21.7,62,0.0,0,0,0,0,0,0,0.0
2024-01-18,20,39.9,0.55,0,33.75,0,12,9,0,0,3,1,2024,1,0,0,17.0,13.0,18.857142857142858,1,24.7,61,0.0,0,0,0,0,0,0,0.0
2024-01-19,10,41.6,0.5,0,33.8,0,5,5,0,0,4,1,2024,1,0,0,20.0,16.0,18.0,0,24.1,58,0.0,0,0,0,0,0,0,0.0
2024-01-20,17,39.470588235294116,0.29411764705882354,0,40.529411764705884,17,3,10,0,0,5,1,2024,1,1,0,10.0,20.0,17.571428571428573,0,23.1,49,0.0,0,0,0,0,1,0,1.5
2024-01-21,15,27.733333333333334,0.3333333333333333,0,41.0,15,4,10,0,1,6,1,2024,1,1,0,17.0,25.0,16.142857142857142,0,19.7,50,0.0,0,0,0,0,2,0,3.0
2024-01-22,16,36.875,0.5625,0,45.0625,0,3,8,1,0,0,1,2024,1,0,0,15.0,20.0,15.571428571428571,0,19.9,58,0.0,0,0,0,0,0,0,0.0
2024-01-23,18,40.333333333333336,0.4444444444444444,0,45.833333333333336,0,8,9,0,0,1,1,2024,1,0,0,16.0,14.0,16.142857142857142,1,23.2,49,0.0,0,0,0,0,0,0,0.0
2024-01-24,16,36.5,0.4375,0,42.125,0,9,8,0,0,2,1,2024,1,0,0,18.0,17.0,16.0,0,19.6,55,0.0,0,0,0,0,0,0,0.0
2024-01-25,15,32.86666666666667,0.6666666666666666,0,35.4,0,7,8,0,2,3,1,2024,1,0,0,16.0,20.0,15.285714285714286,0,22.0,49,0.0,0,0,0,0,0,0,0.0
2024-01-26,14,36.642857142857146,0.42857142857142855,0,44.214285714285715,0,4,8,1,0,4,1,2024,1,0,0,15.0,10.0,15.857142857142858,0,19.6,55,0.0,0,0,0,0,0,0,0.0
2024-01-27,16,36.5625,0.8125,0,37.1875,16,5,10,0,0,5,1,2024,1,1,0,14.0,17.0,15.714285714285714,0,22.1,61,0.0,0,0,0,0,1,0,1.5
2024-01-28,20,32.15,0.45,0,30.45,20,10,15,0,0,6,1,2024,1,1,0,16.0,15.0,16.428571428571427,1,24.2,56,0.0,0,0,0,0,2,0,3.0
2024-01-29,19,38.36842105263158,0.5263157894736842,0,39.05263157894737,0,6,10,2,0,0,1,2024,1,0,0,20.0,16.0,16.857142857142858,1,22.4,49,0.0,0,0,0,0,0,0,0.0
2024-01-30,14,33.07142857142857,0.42857142857142855,0,45.285714285714285,0,5,10,1,0,1,1,2024,1,0,0,19.0,18.0,16.285714285714285,0,19.8,57,0.0,0,0,0,0,0,0,0.0
2024-01-31,18,36.44444444444444,0.3888888888888889,0,42.27777777777778,0,6,10,1,0,2,1,2024,1,0,0,14.0,16.0,16.571428571428573,1,22.9,59,0.0,0,0,0,0,0,0,0.0
2024-02-01,13,35.69230769230769,0.23076923076923078,0,36.53846153846154,0,3,6,1,0,3,2,2024,1,0,0,18.0,15.0,16.285714285714285,0,22.7,46,0.0,0,0,0,0,0,0,0.0
2024-02-02,10,45.4,0.6,0,44.6,0,2,7,0,0,4,2,2024,1,0,0,13.0,14.0,15.714285714285714,0,23.3,56,0.0,0,0,0,0,0,0,0.0
2024-02-03,8,29.375,0.5,0,39.125,8,5,6,0,0,5,2,2024,1,1,0,10.0,16.0,14.571428571428571,0,27.1,57,0.0,0,0,0,0,1,0,1.5
2024-02-04,12,34.583333333333336,0.4166666666666667,0,42.75,12,5,5,0,0,6,2,2024,1,1,0,8.0,20.0,13.428571428571429,0,27.6,57,0.0,0,0,0,0,2,0,3.0
2024-02-05,19,38.68421052631579,0.42105263157894735,0,31.57894736842105,0,11,8,1,2,0,2,2024,1,0,0,12.0,19.0,13.428571428571429,1,27.8,49,0.0,0,0,0,0,0,0,0.0
2024-02-06,9,34.77777777777778,0.6666666666666666,0,47.55555555555556,0,3,5,0,0,1,2,2024,1,0,0,19.0,14.0,12.714285714285714,0,24.6,50,0.0,0,0,0,0,0,0,0.0
2024-02-07,13,37.30769230769231,0.5384615384615384,0,50.30769230769231,0,2,8,0,0,2,2,2024,1,0,0,9.0,18.0,12.0,0,25.0,44,0.0,0,0,0,0,0,0,0.0
2024-02-08,19,35.63157894736842,0.5263157894736842,0,38.78947368421053,0,7,7,0,2,3,2,2024,1,0,0,13.0,13.0,12.857142857142858,1,22.7,55,0.0,0,0,0,0,0,0,0.0
2024-02-09,10,36.6,0.4,0,48.0,0,4,5,0,0,4,2,2024,1,0,0,19.0,10.0,12.857142857142858,0,27.1,44,0.0,0,0,0,0,0,0,0.0
2024-02-10,20,39.7,0.7,0,48.0,20,11,7,0,0,5,2,2024,1,1,0,10.0,8.0,14.571428571428571,1,22.6,55,0.0,0,0,0,0,1,0,1.5
2024-02-11,15,37.4,0.4666666666666667,0,46.266666666666666,15,5,6,0,1,6,2,2024,1,1,0,20.0,12.0,15.0,0,26.7,46,0.0,0,0,0,0,2,0,3.0
2024-02-12,13,27.76923076923077,0.46153846153846156,0,47.69230769230769,0,5,10,0,0,0,2,2024,1,0,0,15.0,19.0,14.142857142857142,0,23.4,45,14.9,1,0,0,1,0,0,1.0
2024-02-13,9,38.77777777777778,0.3333333333333333,0,59.55555555555556,0,4,5,0,0,1,2,2024,1,0,0,13.0,9.0,14.142857142857142,0,23.3,43,0.0,0,0,0,0,0,0,0.0
2024-02-14,19,31.0,0.47368421052631576,0,40.526315789473685,0,7,12,0,0,2,2,2024,1,0,0,9.0,13.0,15.0,1,22.3,44,31.4,3,0,0,1,0,0,3.0
2024-02-15,14,35.92857142857143,0.6428571428571429,0,45.785714285714285,0,4,8,0,0,3,2,2024,1,0,0,19.0,19.0,14.285714285714286,0,22.9,43,0.0,0,0,0,0,0,0,0.0
2024-02-16,17,37.88235294117647,0.5294117647058824,0,43.05882352941177,0,5,10,1,1,4,2,2024,1,0,0,14.0,10.0,15.285714285714286,0,22.2,44,0.0,0,0,0,0,0,0,0.0
2024-02-17,17,40.588235294117645,0.4117647058823529,0,27.470588235294116,17,6,9,1,1,5,2,2024,1,1,0,17.0,20.0,14.857142857142858,0,22.6,47,11.8,1,0,0,1,1,0,2.5
2024-02-18,15,34.53333333333333,0.6666666666666666,0,41.06666666666667,15,4,11,0,0,6,2,2024,1,1,0,17.0,15.0,14.857142857142858,0,24.0,42,0.0,0,0,0,0,2,0,3.0
2024-02-19,9,40.333333333333336,0.6666666666666666,0,39.77777777777778,0,2,5,0,0,0,2,2024,1,0,0,15.0,13.0,14.285714285714286,0,22.1,48,0.0,0,0,0,0,0,0,0.0
2024-02-20,14,35.285714285714285,0.35714285714285715,0,34.857142857142854,0,4,7,0,1,1,2,2024,1,0,0,9.0,9.0,15.0,0,24.2,51,0.0,0,0,0,0,0,0,0.0
2024-02-21,22,35.5,0.5454545454545454,0,39.77272727272727,0,9,16,0,1,2,2,2024,1,0,0,14.0,19.0,15.428571428571429,1,25.3,50,0.0,0,0,0,0,0,0,0.0
2024-02-22,16,38.5625,0.625,0,42.8125,0,5,9,0,0,3,2,2024,1,0,0,22.0,14.0,15.714285714285714,0,25.2,55,0.0,0,0,0,0,0,0,0.0
2024-02-23,22,42.72727272727273,0.4090909090909091,0,39.13636363636363,0,13,17,0,1,4,2,2024,1,0,0,16.0,17.0,16.428571428571427,1,26.9,50,0.0,0,0,0,0,0,0,0.0
2024-02-24,12,37.416666666666664,0.75,0,48.833333333333336,12,7,9,0,0,5,2,2024,1,1,0,22.0,17.0,15.714285714285714,0,24.9,47,0.0,0,0,0,0,1,0,1.5
2024-02-25,20,32.45,0.6,0,49.15,20,9,13,0,0,6,2,2024,1,1,0,12.0,15.0,16.428571428571427,1,23.8,56,0.0,0,0,0,0,2,0,3.0
2024-02-26,18,40.05555555555556,0.6666666666666666,0,38.77777777777778,0,7,11,0,1,0,2,2024,1,0,0,20.0,9.0,17.714285714285715,1,27.4,44,0.0,0,0,0,0,0,0,0.0
2024-02-27,18,31.666666666666668,0.4444444444444444,0,42.22222222222222,0,7,12,1,0,1,2,2024,1,0,0,18.0,14.0,18.285714285714285,1,22.8,49,0.0,0,0,0,0,0,0,0.0
2024-02-28,13,39.76923076923077,0.5384615384615384,0,35.38461538461539,0,7,7,1,0,2,2,2024,1,0,0,18.0,22.0,17.0,0,24.5,44,0.0,0,0,0,0,0,0,0.0
2024-02-29,15,36.733333333333334,0.4666666666666667,0,40.266666666666666,0,6,11,0,1,3,2,2024,1,0,0,13.0,16.0,16.857142857142858,0,22.6,52,0.0,0,0,0,0,0,0,0.0
2024-03-01,19,34.526315789473685,0.42105263157894735,0,34.473684210526315,0,7,9,0,2,4,3,2024,1,0,1,15.0,22.0,16.428571428571427,1,29.0,42,0.0,0,0,0,0,0,0,0.0
2024-03-02,24,33.708333333333336,0.5416666666666666,0,48.208333333333336,24,7,16,0,0,5,3,2024,1,1,1,19.0,12.0,18.142857142857142,1,30.8,44,0.0,0,0,0,0,1,0,1.5
2024-03-03,24,36.291666666666664,0.5833333333333334,0,36.666666666666664,24,8,14,1,0,6,3,2024,1,1,1,24.0,20.0,18.714285714285715,1,31.5,39,0.0,0,0,0,0,2,0,3.0
2024-03-04,14,35.07142857142857,0.5714285714285714,0,35.142857142857146,0,7,6,0,0,0,3,2024,1,0,1,24.0,18.0,18.142857142857142,0,29.5,34,0.0,0,0,0,0,0,0,0.0
2024-03-05,14,31.571428571428573,0.7142857142857143,0,29.785714285714285,0,6,9,1,0,1,3,2024,1,0,1,14.0,18.0,17.571428571428573,0,27.9,37,0.0,0,0,0,0,0,0,0.0
2024-03-06,16,31.8125,0.5,0,41.0625,0,7,8,0,2,2,3,2024,1,0,1,14.0,13.0,18.0,0,28.7,37,0.0,0,0,0,0,0,0,0.0
2024-03-07,26,36.84615384615385,0.38461538461538464,0,33.46153846153846,0,11,13,0,1,3,3,2024,1,0,1,16.0,15.0,19.571428571428573,1,28.9,45,0.0,0,0,0,0,0,0,0.0
2024-03-08,14,34.07142857142857,0.5,0,41.42857142857143,0,5,7,0,0,4,3,2024,1,0,1,26.0,19.0,18.857142857142858,0,31.7,45,0.0,0,0,0,0,0,0,0.0
2024-03-09,22,33.0,0.5454545454545454,0,38.72727272727273,22,10,14,0,1,5,3,2024,1,1,1,14.0,24.0,18.571428571428573,1,31.7,45,0.0,0,0,0,0,1,0,1.5
2024-03-10,18,40.22222222222222,0.4444444444444444,0,44.55555555555556,18,2,10,0,0,6,3,2024,1,1,1,22.0,24.0,17.714285714285715,1,31.9,39,0.0,0,0,0,0,2,0,3.0
2024-03-11,20,42.05,0.6,0,44.85,0,9,13,1,0,0,3,2024,1,0,1,18.0,14.0,18.571428571428573,1,29.7,35,0.0,0,0,0,0,0,0,0.0
2024-03-12,13,42.61538461538461,0.6923076923076923,0,45.07692307692308,0,8,9,0,1,1,3,2024,1,0,1,20.0,14.0,18.428571428571427,0,28.3,35,0.0,0,0,0,0,0,0,0.0
2024-03-13,13,40.46153846153846,0.6923076923076923,0,38.84615384615385,0,3,9,0,1,2,3,2024,1,0,1,13.0,16.0,18.0,0,28.0,47,0.0,0,0,0,0,0,0,0.0
2024-03-14,14,34.07142857142857,0.5714285714285714,0,38.714285714285715,0,5,10,0,0,3,3,2024,1,0,1,13.0,26.0,16.285714285714285,0,32.5,42,0.0,0,0,0,0,0,0,0.0
2024-03-15,13,33.92307692307692,0.3076923076923077,0,51.30769230769231,0,6,9,0,1,4,3,2024,1,0,1,14.0,14.0,16.142857142857142,0,30.7,45,0.0,0,0,0,0,0,0,0.0
2024-03-16,18,43.166666666666664,0.4444444444444444,0,54.05555555555556,18,5,12,0,0,5,3,2024,1,1,1,13.0,22.0,15.571428571428571,1,32.0,37,0.0,0,0,0,0,1,0,1.5
2024-03-17,12,42.25,0.5,0,30.333333333333332,12,3,8,0,0,6,3,2024,1,1,1,18.0,18.0,14.714285714285714,0,28.8,41,0.0,0,0,0,0,2,0,3.0
2024-03-18,11,44.09090909090909,0.7272727272727273,0,32.0,0,4,7,0,0,0,3,2024,1,0,1,12.0,20.0,13.428571428571429,0,30.5,48,0.0,0,0,0,0,0,0,0.0
2024-03-19,14,39.0,0.7857142857142857,0,35.285714285714285,0,5,10,0,1,1,3,2024,1,0,1,11.0,13.0,13.571428571428571,0,33.0,43,0.0,0,0,0,0,0,0,0.0
2024-03-20,12,31.25,0.3333333333333333,0,42.416666666666664,0,6,8,0,0,2,3,2024,1,0,1,14.0,13.0,13.428571428571429,0,31.3,46,0.0,0,0,0,0,2,0,3.0
2024-03-21,16,28.5,0.25,0,49.3125,0,9,11,0,0,3,3,2024,1,0,1,12.0,14.0,13.714285714285714,0,32.3,39,0.0,0,0,0,0,2,0,3.0
2024-03-22,16,34.0625,0.625,0,33.0,0,7,10,0,0,4,3,2024,1,0,1,16.0,13.0,14.142857142857142,0,29.5,48,0.0,0,0,0,0,2,0,3.0
2024-03-23,15,25.2,0.4666666666666667,0,43.53333333333333,15,4,13,0,0,5,3,2024,1,1,1,16.0,18.0,13.714285714285714,0,32.8,33,0.0,0,0,0,0,3,1,4.5
2024-03-24,22,35.86363636363637,0.45454545454545453,0,46.36363636363637,22,10,14,0,2,6,3,2024,1,1,1,15.0,12.0,15.142857142857142,1,27.4,47,0.0,0,0,0,0,4,1,6.0
2024-03-25,18,39.833333333333336,0.3888888888888889,0,36.94444444444444,0,7,10,0,0,0,3,2024,1,0,1,22.0,11.0,16.142857142857142,1,32.6,40,0.0,0,0,0,0,2,0,3.0
2024-03-26,10,37.0,0.4,0,23.0,0,3,7,0,0,1,3,2024,1,0,1,18.0,14.0,15.571428571428571,0,30.1,39,0.0,0,0,0,0,2,0,3.0
2024-03-27,17,39.411764705882355,0.5294117647058824,0,30.941176470588236,0,7,8,2,1,2,3,2024,1,0,1,10.0,12.0,16.285714285714285,0,29.7,36,0.0,0,0,0,0,2,0,3.0
2024-03-28,17,30.294117647058822,0.29411764705882354,0,38.0,0,7,8,0,1,3,3,2024,1,0,1,17.0,16.0,16.428571428571427,0,28.5,41,0.0,0,0,0,0,2,0,3.0
2024-03-29,12,32.666666666666664,0.3333333333333333,0,51.916666666666664,0,2,10,0,1,4,3,2024,1,0,1,17.0,16.0,15.857142857142858,0,30.4,40,0.0,0,0,0,0,2,0,3.0
2024-03-30,14,30.571428571428573,0.6428571428571429,0,32.42857142857143,14,9,9,0,0,5,3,2024,1,1,1,12.0,15.0,15.714285714285714,0,30.0,47,0.0,0,0,0,0,3,1,4.5
2024-03-31,18,39.05555555555556,0.3888888888888889,0,34.94444444444444,18,8,10,0,0,6,3,2024,1,1,1,14.0,22.0,15.142857142857142,1,32.7,47,0.0,0,0,0,0,4,1,6.0
2024-04-01,12,31.833333333333332,0.4166666666666667,0,37.166666666666664,0,6,8,1,0,0,4,2024,2,0,1,18.0,18.0,14.285714285714286,0,36.4,28,0.0,0,0,0,0,4,1,6.0
2024-04-02,19,39.36842105263158,0.3684210526315789,0,40.526315789473685,0,6,9,2,0,1,4,2024,2,0,1,12.0,10.0,15.571428571428571,1,32.3,30,0.0,0,0,0,0,3,1,4.5
2024-04-03,17,32.35294117647059,0.47058823529411764,0,36.05882352941177,0,5,7,1,0,2,4,2024,2,0,1,19.0,17.0,15.571428571428571,0,33.1,38,0.0,0,0,0,0,3,1,4.5
2024-04-04,20,34.05,0.45,0,35.85,0,7,12,0,0,3,4,2024,2,0,1,17.0,17.0,16.0,1,36.0,38,0.0,0,0,0,0,3,1,4.5
2024-04-05,15,31.8,0.26666666666666666,0,36.8,0,6,10,1,0,4,4,2024,2,0,1,20.0,12.0,16.428571428571427,0,36.2,42,0.0,0,0,0,0,3,1,4.5
2024-04-06,17,37.8235294117647,0.47058823529411764,0,38.35294117647059,17,8,12,0,0,5,4,2024,2,1,1,15.0,14.0,16.857142857142858,0,37.5,41,0.0,2,0,0,0,4,1,8.0
2024-04-07,16,31.875,0.625,0,42.5625,16,6,11,0,0,6,4,2024,2,1,1,17.0,18.0,16.571428571428573,0,37.1,35,0.0,2,0,0,0,5,1,9.5
2024-04-08,10,27.3,0.3,0,44.9,0,3,7,0,1,0,4,2024,2,0,1,16.0,12.0,16.285714285714285,0,35.0,30,0.0,0,0,0,0,3,1,4.5
2024-04-09,15,31.933333333333334,0.26666666666666666,0,49.0,0,5,10,0,1,1,4,2024,2,0,1,10.0,19.0,15.714285714285714,0,33.3,41,0.0,0,0,0,0,3,1,4.5
2024-04-10,14,30.5,0.7142857142857143,0,37.285714285714285,0,8,8,0,2,2,4,2024,2,0,1,15.0,17.0,15.285714285714286,0,37.3,41,0.0,2,0,0,0,3,1,6.5
2024-04-11,16,38.0625,0.5625,0,43.9375,0,3,8,0,1,3,4,2024,2,0,1,14.0,20.0,14.714285714285714,0,37.1,42,0.0,2,0,0,0,1,0,3.5
2024-04-12,12,36.333333333333336,0.4166666666666667,0,35.583333333333336,0,2,9,0,0,4,4,2024,2,0,1,16.0,15.0,14.285714285714286,0,37.7,38,24.0,5,1,0,1,1,0,6.5
2024-04-13,12,27.0,0.5,0,34.666666666666664,12,4,9,0,0,5,4,2024,2,1,1,12.0,17.0,13.571428571428571,0,35.9,27,32.9,3,0,0,1,2,0,6.0
2024-04-14,13,37.46153846153846,0.5384615384615384,0,43.46153846153846,13,3,6,1,0,6,4,2024,2,1,1,12.0,16.0,13.142857142857142,0,32.2,28,0.0,0,0,0,0,3,1,4.5
2024-04-15,20,39.25,0.6,0,46.7,0,4,11,0,0,0,4,2024,2,0,1,13.0,10.0,14.571428571428571,1,32.4,33,39.5,3,0,0,1,1,0,4.5
2024-04-16,17,33.64705882352941,0.4117647058823529,0,45.35294117647059,0,5,10,0,0,1,4,2024,2,0,1,20.0,15.0,14.857142857142858,0,34.3,27,0.0,0,0,0,0,1,0,1.5
2024-04-17,10,42.2,0.5,0,32.6,0,3,5,0,0,2,4,2024,2,0,1,17.0,14.0,14.285714285714286,0,32.1,32,0.0,0,0,0,0,1,0,1.5
2024-04-18,16,33.3125,0.5,0,37.3125,0,3,12,0,0,3,4,2024,2,0,1,10.0,16.0,14.285714285714286,0,33.9,32,0.0,0,0,0,0,1,0,1.5
2024-04-19,13,25.76923076923077,0.46153846153846156,0,35.61538461538461,0,6,8,0,1,4,4,2024,2,0,1,16.0,12.0,14.428571428571429,0,33.7,32,0.0,0,0,0,0,1,0,1.5
2024-04-20,16,37.125,0.375,0,46.3125,16,5,11,0,1,5,4,2024,2,1,1,13.0,12.0,15.0,0,33.9,38,0.0,0,0,0,0,2,0,3.0
2024-04-21,18,37.0,0.3333333333333333,0,35.333333333333336,18,5,13,0,0,6,4,2024,2,1,1,16.0,13.0,15.714285714285714,1,36.1,31,0.0,0,0,0,0,3,1,4.5
2024-04-22,21,36.80952380952381,0.47619047619047616,0,39.285714285714285,0,12,14,2,0,0,4,2024,2,0,1,18.0,20.0,15.857142857142858,1,33.5,32,0.0,0,0,0,0,1,0,1.5
2024-04-23,15,39.8,0.5333333333333333,0,37.4,0,5,9,1,1,1,4,2024,2,0,1,21.0,17.0,15.571428571428571,0,34.0,40,0.0,0,0,0,0,1,0,1.5
2024-04-24,18,38.0,0.6666666666666666,0,42.22222222222222,0,3,12,0,1,2,4,2024,2,0,1,15.0,10.0,16.714285714285715,1,36.9,39,0.0,0,0,0,0,1,0,1.5
2024-04-25,15,36.13333333333333,0.4666666666666667,0,37.13333333333333,0,7,6,0,1,3,4,2024,2,0,1,18.0,16.0,16.571428571428573,0,36.5,41,0.0,0,0,0,0,1,0,1.5
2024-04-26,18,36.55555555555556,0.5,0,36.72222222222222,0,13,8,0,1,4,4,2024,2,0,1,15.0,13.0,17.285714285714285,1,37.2,42,0.0,2,0,0,0,1,0,3.5
2024-04-27,19,39.21052631578947,0.47368421052631576,0,39.10526315789474,19,8,9,1,2,5,4,2024,2,1,1,18.0,16.0,17.714285714285715,1,37.7,40,0.0,2,0,0,0,2,0,5.0
2024-04-28,16,31.1875,0.4375,0,43.125,16,7,11,0,0,6,4,2024,2,1,1,19.0,18.0,17.428571428571427,0,36.9,33,0.0,0,0,0,0,3,1,4.5
2024-04-29,13,35.15384615384615,0.23076923076923078,0,41.53846153846154,0,5,9,0,0,0,4,2024,2,0,1,16.0,21.0,16.285714285714285,0,34.2,29,0.0,0,0,0,0,1,0,1.5
2024-04-30,16,34.25,0.4375,0,35.75,0,6,10,0,0,1,4,2024,2,0,1,13.0,15.0,16.428571428571427,0,32.9,42,0.0,0,0,0,0,1,0,1.5
2024-05-01,14,35.642857142857146,0.2857142857142857,0,38.785714285714285,0,5,10,0,0,2,5,2024,2,0,1,16.0,18.0,15.857142857142858,0,35.2,33,19.1,1,0,0,1,1,0,2.5
2024-05-02,21,27.0,0.38095238095238093,0,41.0,0,7,10,1,0,3,5,2024,2,0,1,14.0,15.0,16.714285714285715,1,34.5,32,0.0,0,0,0,0,1,0,1.5
2024-05-03,21,36.04761904761905,0.47619047619047616,0,38.857142857142854,0,8,14,2,0,4,5,2024,2,0,1,21.0,18.0,17.142857142857142,1,34.1,45,0.0,0,0,0,0,1,0,1.5
2024-05-04,15,38.86666666666667,0.6,0,31.0,15,6,8,0,2,5,5,2024,2,1,1,21.0,19.0,16.571428571428573,0,38.9,46,0.0,2,0,1,0,2,0,5.0
2024-05-05,11,35.90909090909091,0.18181818181818182,0,24.727272727272727,11,5,6,0,0,6,5,2024,2,1,1,15.0,16.0,15.857142857142858,0,39.1,46,39.6,5,1,1,1,3,1,9.5
2024-05-06,17,38.470588235294116,0.5294117647058824,0,32.8235294117647,0,7,10,1,0,0,5,2024,2,0,1,11.0,13.0,16.428571428571427,0,39.1,32,0.0,2,0,1,0,1,0,3.5
2024-05-07,15,36.733333333333334,0.6,0,33.4,0,2,9,0,0,1,5,2024,2,0,1,17.0,16.0,16.285714285714285,0,34.1,37,0.0,0,0,0,0,1,0,1.5
2024-05-08,17,34.588235294117645,0.6470588235294118,0,35.88235294117647,0,4,11,0,1,2,5,2024,2,0,1,15.0,14.0,16.714285714285715,0,36.0,44,0.0,0,0,0,0,1,0,1.5
2024-05-09,13,37.53846153846154,0.5384615384615384,0,43.15384615384615,0,5,8,0,0,3,5,2024,2,0,1,17.0,21.0,15.571428571428571,0,38.5,41,0.0,2,0,1,0,1,0,3.5
2024-05-10,24,31.708333333333332,0.5416666666666666,0,35.208333333333336,0,7,15,1,1,4,5,2024,2,0,1,13.0,21.0,16.0,1,37.4,36,9.3,3,0,0,0,1,0,4.5
2024-05-11,13,28.923076923076923,0.5384615384615384,0,51.76923076923077,13,6,11,0,0,5,5,2024,2,1,1,24.0,15.0,15.714285714285714,0,35.6,34,2.6,0,0,0,0,2,0,3.0
2024-05-12,14,42.07142857142857,0.5714285714285714,0,44.285714285714285,14,6,7,1,1,6,5,2024,2,1,1,13.0,11.0,16.142857142857142,0,34.6,34,0.0,0,0,0,0,3,1,4.5
2024-05-13,12,35.833333333333336,0.75,0,45.25,0,3,5,1,1,0,5,2024,2,0,1,14.0,17.0,15.428571428571429,0,34.6,40,0.0,0,0,0,0,1,0,1.5
2024-05-14,11,28.727272727272727,0.6363636363636364,0,41.0,0,3,6,0,1,1,5,2024,2,0,1,12.0,15.0,14.857142857142858,0,36.9,40,0.0,0,0,0,0,1,0,1.5
2024-05-15,16,35.75,0.375,0,39.75,0,5,14,1,0,2,5,2024,2,0,1,11.0,17.0,14.714285714285714,0,37.0,45,0.0,2,0,0,0,1,0,3.5
2024-05-16,20,34.75,0.45,0,32.5,0,9,13,1,0,3,5,2024,2,0,1,16.0,13.0,15.714285714285714,1,38.9,38,11.3,3,0,1,1,1,0,4.5
2024-05-17,15,37.666666666666664,0.6666666666666666,0,36.733333333333334,0,4,11,1,0,4,5,2024,2,0,1,20.0,24.0,14.428571428571429,0,36.4,32,0.0,0,0,0,0,1,0,1.5
2024-05-18,19,40.421052631578945,0.47368421052631576,0,39.63157894736842,19,8,7,1,1,5,5,2024,2,1,1,15.0,13.0,15.285714285714286,1,34.1,42,0.0,0,0,0,0,2,0,3.0
2024-05-19,16,33.75,0.375,0,27.4375,16,7,10,0,0,6,5,2024,2,1,1,19.0,14.0,15.571428571428571,0,37.7,39,0.0,2,0,0,0,3,1,6.5
2024-05-20,17,32.76470588235294,0.6470588235294118,0,38.8235294117647,0,5,11,0,0,0,5,2024,2,0,1,16.0,12.0,16.285714285714285,0,36.7,43,0.0,0,0,0,0,1,0,1.5
2024-05-21,28,37.357142857142854,0.6071428571428571,0,34.285714285714285,0,10,14,0,1,1,5,2024,2,0,1,17.0,11.0,18.714285714285715,1,38.2,36,3.5,2,0,1,0,1,0,3.5
2024-05-22,22,37.22727272727273,0.5454545454545454,0,36.95454545454545,0,6,12,0,0,2,5,2024,2,0,1,28.0,16.0,19.571428571428573,1,35.5,33,0.0,0,0,0,0,1,0,1.5
2024-05-23,20,36.7,0.4,0,42.25,0,5,13,1,1,3,5,2024,2,0,1,22.0,20.0,19.571428571428573,1,34.2,42,0.0,0,0,0,0,1,0,1.5
2024-05-24,17,43.05882352941177,0.4117647058823529,0,39.64705882352941,0,4,11,2,0,4,5,2024,2,0,1,20.0,15.0,19.857142857142858,0,37.7,44,20.1,5,1,0,1,1,0,6.5
2024-05-25,18,39.77777777777778,0.6111111111111112,0,43.44444444444444,18,6,11,0,1,5,5,2024,2,1,1,17.0,19.0,19.714285714285715,1,38.5,33,0.0,2,0,1,0,2,0,5.0
2024-05-26,13,40.69230769230769,0.5384615384615384,0,39.23076923076923,13,3,7,0,0,6,5,2024,2,1,1,18.0,16.0,19.285714285714285,0,34.5,48,0.0,0,0,0,0,3,1,4.5
2024-05-27,13,34.46153846153846,0.38461538461538464,0,45.92307692307692,0,3,6,0,0,0,5,2024,2,0,1,13.0,17.0,18.714285714285715,0,40.0,37,0.0,4,0,1,0,1,0,5.5
2024-05-28,13,30.307692307692307,0.5384615384615384,0,44.61538461538461,0,5,11,0,0,1,5,2024,2,0,1,13.0,28.0,16.571428571428573,0,35.7,36,0.0,0,0,0,0,1,0,1.5
2024-05-29,20,38.5,0.45,0,40.0,0,8,17,0,0,2,5,2024,2,0,1,13.0,22.0,16.285714285714285,1,35.4,45,0.0,0,0,0,0,1,0,1.5
2024-05-30,15,35.333333333333336,0.4,0,28.8,0,2,5,2,0,3,5,2024,2,0,1,20.0,20.0,15.571428571428571,0,38.9,43,0.0,2,0,1,0,1,0,3.5
2024-05-31,19,32.421052631578945,0.6842105263157895,0,47.63157894736842,0,6,10,0,0,4,5,2024,2,0,1,15.0,17.0,15.857142857142858,1,38.1,39,0.0,2,0,1,0,1,0,3.5
2024-06-01,17,33.35294117647059,0.4117647058823529,0,29.647058823529413,17,5,11,0,1,5,6,2024,2,1,2,19.0,18.0,15.714285714285714,0,30.8,70,6.2,2,0,0,0,1,0,3.5
2024-06-02,10,38.4,0.4,0,50.8,10,2,5,0,0,6,6,2024,2,1,2,17.0,13.0,15.285714285714286,0,32.8,63,7.3,1,0,0,0,2,0,4.0
2024-06-03,23,38.52173913043478,0.43478260869565216,0,47.391304347826086,0,6,13,1,0,0,6,2024,2,0,2,10.0,13.0,16.714285714285715,1,30.4,67,20.5,3,0,0,1,0,0,3.0
2024-06-04,15,30.4,0.8,0,40.06666666666667,0,3,10,0,1,1,6,2024,2,0,2,23.0,13.0,17.0,0,31.8,68,31.0,3,0,0,1,0,0,3.0
2024-06-05,14,33.142857142857146,0.6428571428571429,0,29.928571428571427,0,7,9,0,0,2,6,2024,2,0,2,15.0,20.0,16.142857142857142,0,32.2,66,0.0,0,0,0,0,0,0,0.0
2024-06-06,11,38.18181818181818,0.45454545454545453,0,36.36363636363637,0,6,5,0,0,3,6,2024,2,0,2,14.0,15.0,15.571428571428571,0,31.4,77,0.0,1,0,0,0,0,0,1.0
2024-06-07,15,39.733333333333334,0.4666666666666667,0,40.666666666666664,0,5,9,2,1,4,6,2024,2,0,2,11.0,19.0,15.0,0,35.5,73,0.0,1,0,0,0,0,0,1.0
2024-06-08,20,37.0,0.3,0,40.6,20,10,14,0,0,5,6,2024,2,1,2,15.0,17.0,15.428571428571429,1,34.3,74,4.2,1,0,0,0,1,0,2.5
2024-06-09,21,35.61904761904762,0.47619047619047616,0,47.095238095238095,21,4,15,1,0,6,6,2024,2,1,2,20.0,10.0,17.0,1,34.4,67,4.8,0,0,0,0,2,0,3.0
2024-06-10,17,34.1764705882353,0.7058823529411765,0,45.470588235294116,0,6,7,1,1,0,6,2024,2,0,2,21.0,23.0,16.142857142857142,0,32.0,67,20.3,3,0,0,1,0,0,3.0
2024-06-11,17,37.1764705882353,0.7058823529411765,0,42.470588235294116,0,10,15,0,0,1,6,2024,2,0,2,17.0,15.0,16.428571428571427,0,31.8,64,0.0,0,0,0,0,0,0,0.0
2024-06-12,17,36.64705882352941,0.47058823529411764,0,40.0,0,4,9,1,1,2,6,2024,2,0,2,17.0,14.0,16.857142857142858,0,30.9,75,0.0,1,0,0,0,0,0,1.0
2024-06-13,17,34.94117647058823,0.35294117647058826,0,50.11764705882353,0,11,7,1,0,3,6,2024,2,0,2,17.0,11.0,17.714285714285715,0,34.7,75,0.0,1,0,0,0,0,0,1.0
2024-06-14,11,44.0,0.36363636363636365,0,43.81818181818182,0,4,5,1,0,4,6,2024,2,0,2,17.0,15.0,17.142857142857142,0,35.0,77,0.0,1,0,0,0,0,0,1.0
2024-06-15,23,38.91304347826087,0.6086956521739131,0,39.43478260869565,23,9,15,0,2,5,6,2024,2,1,2,11.0,20.0,17.571428571428573,1,35.7,74,0.0,1,0,0,0,1,0,2.5
2024-06-16,14,31.0,0.42857142857142855,0,33.285714285714285,14,5,10,0,0,6,6,2024,2,1,2,23.0,21.0,16.571428571428573,0,34.6,74,8.0,2,0,0,0,2,0,5.0
2024-06-17,22,34.22727272727273,0.36363636363636365,0,46.31818181818182,0,8,11,0,1,0,6,2024,2,0,2,14.0,17.0,17.285714285714285,1,34.5,63,25.8,3,0,0,1,0,0,3.0
2024-06-18,16,31.0,0.375,0,43.0,0,5,6,0,1,1,6,2024,2,0,2,22.0,17.0,17.142857142857142,0,30.3,65,0.0,0,0,0,0,0,0,0.0
2024-06-19,13,32.15384615384615,0.23076923076923078,0,43.07692307692308,0,5,7,0,0,2,6,2024,2,0,2,16.0,17.0,16.571428571428573,0,31.2,75,13.6,2,0,0,1,0,0,2.0
2024-06-20,14,32.785714285714285,0.5,0,45.42857142857143,0,7,10,0,0,3,6,2024,2,0,2,13.0,17.0,16.142857142857142,0,34.8,67,0.0,0,0,0,0,0,0,0.0
2024-06-21,12,30.0,0.75,0,39.0,0,5,12,0,0,4,6,2024,2,0,2,14.0,11.0,16.285714285714285,0,31.7,73,0.0,1,0,0,0,0,0,1.0
2024-06-22,12,33.5,0.5,0,35.5,12,3,7,0,0,5,6,2024,2,1,2,12.0,23.0,14.714285714285714,0,34.0,73,34.8,4,0,0,1,1,0,5.5
2024-06-23,20,32.95,0.4,0,42.45,20,5,18,0,0,6,6,2024,2,1,2,12.0,14.0,15.571428571428571,1,34.2,64,15.5,1,0,0,1,2,0,4.0
2024-06-24,19,35.8421052631579,0.5789473684210527,0,42.26315789473684,0,7,11,0,2,0,6,2024,2,0,2,20.0,22.0,15.142857142857142,1,30.6,66,24.5,3,0,0,1,0,0,3.0
2024-06-25,13,33.84615384615385,0.5384615384615384,0,46.30769230769231,0,6,6,0,0,1,6,2024,2,0,2,19.0,16.0,14.714285714285714,0,31.6,62,16.4,1,0,0,1,0,0,1.0
2024-06-26,15,39.06666666666667,0.3333333333333333,0,38.0,0,7,8,0,0,2,6,2024,2,0,2,13.0,13.0,15.0,0,30.1,65,6.2,1,0,0,0,0,0,1.0
2024-06-27,19,36.68421052631579,0.5263157894736842,0,30.57894736842105,0,8,6,1,1,3,6,2024,2,0,2,15.0,14.0,15.714285714285714,1,31.3,63,0.0,0,0,0,0,0,0,0.0
2024-06-28,17,33.76470588235294,0.47058823529411764,0,28.58823529411765,0,5,12,0,0,4,6,2024,2,0,2,19.0,12.0,16.428571428571427,0,30.5,77,20.2,4,0,0,1,0,0,4.0
2024-06-29,15,34.53333333333333,0.5333333333333333,0,33.46666666666667,15,5,8,2,0,5,6,2024,2,1,2,17.0,12.0,16.857142857142858,0,35.7,63,0.0,0,0,0,0,1,0,1.5
2024-06-30,16,42.125,0.4375,0,44.875,16,8,10,1,1,6,6,2024,2,1,2,15.0,20.0,16.285714285714285,0,30.3,72,0.0,1,0,0,0,2,0,4.0
2024-07-01,17,36.94117647058823,0.4117647058823529,0,28.58823529411765,0,5,10,1,0,0,7,2024,3,0,2,16.0,19.0,16.0,0,25.7,74,0.0,1,0,0,0,0,0,1.0
2024-07-02,19,30.842105263157894,0.631578947368421,0,42.31578947368421,0,4,11,0,0,1,7,2024,3,0,2,17.0,13.0,16.857142857142858,1,25.9,87,37.5,5,1,0,1,0,0,5.0
2024-07-03,12,31.833333333333332,0.4166666666666667,0,37.916666666666664,0,5,10,0,0,2,7,2024,3,0,2,19.0,15.0,16.428571428571427,0,30.6,76,36.5,4,0,0,1,0,0,4.0
2024-07-04,9,33.77777777777778,0.4444444444444444,0,40.22222222222222,0,2,6,0,0,3,7,2024,3,0,2,12.0,19.0,15.0,0,26.7,82,16.3,3,0,0,1,0,0,3.0
2024-07-05,15,30.466666666666665,0.6,0,24.333333333333332,0,8,9,0,0,4,7,2024,3,0,2,9.0,17.0,14.714285714285714,0,28.7,80,16.7,3,0,0,1,0,0,3.0
2024-07-06,10,38.8,0.3,0,42.2,10,1,5,0,0,5,7,2024,3,1,2,15.0,15.0,14.0,0,27.8,75,33.0,4,0,0,1,1,0,5.5
2024-07-07,18,30.27777777777778,0.6111111111111112,0,48.22222222222222,18,5,12,0,1,6,7,2024,3,1,2,10.0,16.0,14.285714285714286,1,26.3,72,0.0,1,0,0,0,2,0,4.0
2024-07-08,19,35.1578947368421,0.5789473684210527,0,49.26315789473684,0,6,12,0,0,0,7,2024,3,0,2,18.0,17.0,14.571428571428571,1,25.1,84,0.0,2,0,0,0,0,0,2.0
2024-07-09,19,37.94736842105263,0.5789473684210527,0,41.26315789473684,0,8,11,0,0,1,7,2024,3,0,2,19.0,19.0,14.571428571428571,1,29.5,86,26.8,5,1,0,1,0,0,5.0
2024-07-10,13,33.92307692307692,0.5384615384615384,0,44.0,0,5,8,0,0,2,7,2024,3,0,2,19.0,12.0,14.714285714285714,0,30.1,81,5.1,3,0,0,0,0,0,3.0
2024-07-11,15,33.2,0.4,0,45.333333333333336,0,6,8,0,2,3,7,2024,3,0,2,13.0,9.0,15.571428571428571,0,28.3,83,0.0,2,0,0,0,0,0,2.0
2024-07-12,25,40.16,0.64,0,44.84,0,9,15,1,1,4,7,2024,3,0,2,15.0,15.0,17.0,1,29.0,88,14.2,3,0,0,1,0,0,3.0
2024-07-13,19,41.578947368421055,0.631578947368421,0,35.21052631578947,19,7,13,0,1,5,7,2024,3,1,2,25.0,10.0,18.285714285714285,1,30.9,80,14.0,3,0,0,1,1,0,4.5
2024-07-14,15,36.86666666666667,0.7333333333333333,0,42.333333333333336,15,7,11,1,0,6,7,2024,3,1,2,19.0,18.0,17.857142857142858,0,28.1,78,12.1,2,0,0,1,2,0,5.0
2024-07-15,14,33.714285714285715,0.6428571428571429,0,37.642857142857146,0,8,8,0,0,0,7,2024,3,0,2,15.0,19.0,17.142857142857142,0,27.4,78,29.5,4,0,0,1,0,0,4.0
2024-07-16,20,33.7,0.65,0,46.45,0,7,10,1,0,1,7,2024,3,0,2,14.0,19.0,17.285714285714285,1,27.1,82,30.8,5,1,0,1,0,0,5.0
2024-07-17,14,34.642857142857146,0.42857142857142855,0,42.5,0,7,10,0,0,2,7,2024,3,0,2,20.0,13.0,17.428571428571427,0,28.9,74,1.6,1,0,0,0,0,0,1.0
2024-07-18,14,36.5,0.6428571428571429,0,35.42857142857143,0,3,8,0,0,3,7,2024,3,0,2,14.0,15.0,17.285714285714285,0,25.8,83,27.1,5,1,0,1,0,0,5.0
2024-07-19,17,33.05882352941177,0.5294117647058824,0,30.294117647058822,0,4,8,0,0,4,7,2024,3,0,2,14.0,25.0,16.142857142857142,0,29.1,82,16.9,3,0,0,1,0,0,3.0
2024-07-20,16,33.5625,0.5625,0,33.375,16,9,8,0,0,5,7,2024,3,1,2,17.0,19.0,15.714285714285714,0,28.6,73,21.2,4,0,0,1,1,0,5.5
2024-07-21,18,31.555555555555557,0.6111111111111112,0,37.833333333333336,18,4,13,0,0,6,7,2024,3,1,2,16.0,15.0,16.142857142857142,1,25.4,74,20.2,4,0,0,1,2,0,7.0
2024-07-22,8,38.375,0.75,0,47.875,0,2,5,0,1,0,7,2024,3,0,2,18.0,14.0,15.285714285714286,0,25.8,76,0.0,1,0,0,0,0,0,1.0
2024-07-23,17,35.411764705882355,0.47058823529411764,0,34.64705882352941,0,4,9,0,1,1,7,2024,3,0,2,8.0,20.0,14.857142857142858,0,26.3,86,35.2,5,1,0,1,0,0,5.0
2024-07-24,11,34.90909090909091,0.5454545454545454,0,50.72727272727273,0,4,8,1,0,2,7,2024,3,0,2,17.0,14.0,14.428571428571429,0,30.3,80,0.0,2,0,0,0,0,0,2.0
2024-07-25,15,35.13333333333333,0.3333333333333333,0,41.333333333333336,0,5,6,1,0,3,7,2024,3,0,2,11.0,14.0,14.571428571428571,0,28.0,84,11.4,3,0,0,1,0,0,3.0
2024-07-26,13,35.07692307692308,0.5384615384615384,0,47.76923076923077,0,6,8,0,0,4,7,2024,3,0,2,15.0,17.0,14.0,0,29.7,73,33.6,4,0,0,1,0,0,4.0
2024-07-27,17,35.35294117647059,0.35294117647058826,0,41.8235294117647,17,3,6,0,1,5,7,2024,3,1,2,13.0,16.0,14.142857142857142,0,25.2,72,30.9,4,0,0,1,1,0,5.5
2024-07-28,20,36.6,0.6,0,42.45,20,10,11,0,1,6,7,2024,3,1,2,17.0,18.0,14.428571428571429,1,25.1,73,12.6,2,0,0,1,2,0,5.0
2024-07-29,20,35.8,0.4,0,37.7,0,8,15,0,0,0,7,2024,3,0,2,20.0,8.0,16.142857142857142,1,25.2,77,38.0,4,0,0,1,0,0,4.0
2024-07-30,13,30.307692307692307,0.7692307692307693,0,42.15384615384615,0,3,5,1,1,1,7,2024,3,0,2,20.0,17.0,15.571428571428571,0,26.8,79,0.0,1,0,0,0,0,0,1.0
2024-07-31,16,42.75,0.4375,0,43.6875,0,5,11,0,1,2,7,2024,3,0,2,13.0,11.0,16.285714285714285,0,27.5,87,0.0,2,0,0,0,0,0,2.0
2024-08-01,28,35.285714285714285,0.17857142857142858,0,37.67857142857143,0,10,17,0,0,3,8,2024,3,0,2,16.0,15.0,18.142857142857142,1,27.0,82,39.1,5,1,0,1,1,0,6.5
2024-08-02,19,31.842105263157894,0.3157894736842105,0,27.842105263157894,0,6,12,0,0,4,8,2024,3,0,2,28.0,13.0,19.0,1,26.8,77,9.9,2,0,0,0,0,0,2.0
2024-08-03,14,34.714285714285715,0.35714285714285715,0,34.5,14,3,6,1,0,5,8,2024,3,1,2,19.0,17.0,18.571428571428573,0,25.1,77,25.2,4,0,0,1,1,0,5.5
2024-08-04,17,42.8235294117647,0.47058823529411764,0,37.94117647058823,17,7,11,0,0,6,8,2024,3,1,2,14.0,20.0,18.142857142857142,0,25.3,74,30.8,4,0,0,1,2,0,7.0
2024-08-05,19,32.1578947368421,0.3684210526315789,0,46.89473684210526,0,5,11,0,0,0,8,2024,3,0,2,17.0,20.0,18.0,1,24.2,77,0.0,1,0,0,0,0,0,1.0
2024-08-06,12,34.833333333333336,0.8333333333333334,0,23.166666666666668,0,6,6,1,0,1,8,2024,3,0,2,19.0,13.0,17.857142857142858,0,25.0,88,0.0,2,0,0,0,0,0,2.0
2024-08-07,10,33.4,0.2,0,38.8,0,4,7,0,0,2,8,2024,3,0,2,12.0,16.0,17.0,0,29.3,89,28.4,5,1,0,1,0,0,5.0
2024-08-08,20,28.15,0.55,0,47.5,0,10,11,1,1,3,8,2024,3,0,2,10.0,28.0,15.857142857142858,1,29.8,75,26.0,4,0,0,1,0,0,4.0
2024-08-09,12,31.333333333333332,0.5833333333333334,0,54.333333333333336,0,7,7,0,0,4,8,2024,3,0,2,20.0,19.0,14.857142857142858,0,24.3,75,21.1,4,0,0,1,0,0,4.0
2024-08-10,24,37.375,0.5,0,47.375,24,7,14,1,1,5,8,2024,3,1,2,12.0,14.0,16.285714285714285,1,24.3,83,24.6,5,1,0,1,1,0,6.5
2024-08-11,16,36.0625,0.375,0,45.25,16,4,10,0,0,6,8,2024,3,1,2,24.0,17.0,16.142857142857142,0,27.6,82,0.0,2,0,0,0,2,0,5.0
2024-08-12,16,40.5,0.375,0,51.125,0,7,7,1,0,0,8,2024,3,0,2,16.0,19.0,15.714285714285714,0,27.0,90,28.2,5,1,0,1,0,0,5.0
2024-08-13,14,39.57142857142857,0.7142857142857143,0,40.57142857142857,0,2,7,2,0,1,8,2024,3,0,2,16.0,12.0,16.0,0,29.9,77,0.0,1,0,0,0,0,0,1.0
2024-08-14,12,30.25,0.4166666666666667,0,38.083333333333336,0,5,4,0,0,2,8,2024,3,0,2,14.0,10.0,16.285714285714285,0,25.1,87,8.2,3,0,0,0,0,0,3.0
2024-08-15,18,39.72222222222222,0.3888888888888889,0,41.333333333333336,0,7,9,0,0,3,8,2024,3,0,2,12.0,20.0,16.0,1,28.8,78,11.1,2,0,0,1,0,0,2.0
2024-08-16,15,38.13333333333333,0.5333333333333333,0,36.8,0,5,9,0,2,4,8,2024,3,0,2,18.0,12.0,16.428571428571427,0,25.6,82,0.0,2,0,0,0,0,0,2.0
2024-08-17,25,34.08,0.44,0,42.96,25,13,20,0,1,5,8,2024,3,1,2,15.0,24.0,16.571428571428573,1,27.0,88,28.9,5,1,0,1,1,0,6.5
2024-08-18,15,30.066666666666666,0.5333333333333333,0,40.0,15,3,13,0,0,6,8,2024,3,1,2,25.0,16.0,16.428571428571427,0,29.2,77,23.3,4,0,0,1,2,0,7.0
2024-08-19,19,33.26315789473684,0.3157894736842105,0,36.26315789473684,0,4,11,0,1,0,8,2024,3,0,2,15.0,16.0,16.857142857142858,1,25.3,75,18.1,2,0,0,1,0,0,2.0
2024-08-20,23,38.56521739130435,0.6086956521739131,0,41.608695652173914,0,15,15,1,0,1,8,2024,3,0,2,19.0,14.0,18.142857142857142,1,24.3,82,11.7,3,0,0,1,0,0,3.0
2024-08-21,10,28.6,0.4,0,45.9,0,2,5,0,1,2,8,2024,3,0,2,23.0,12.0,17.857142857142858,0,27.1,77,25.3,4,0,0,1,0,0,4.0
2024-08-22,14,36.285714285714285,0.6428571428571429,0,36.42857142857143,0,7,9,1,1,3,8,2024,3,0,2,10.0,18.0,17.285714285714285,0,25.2,75,10.5,2,0,0,1,0,0,2.0
2024-08-23,16,40.375,0.5,0,33.0,0,4,11,0,0,4,8,2024,3,0,2,14.0,15.0,17.428571428571427,0,24.3,81,0.0,2,0,0,0,0,0,2.0
2024-08-24,18,34.666666666666664,0.3333333333333333,0,40.111111111111114,18,3,8,2,0,5,8,2024,3,1,2,16.0,25.0,16.428571428571427,1,26.6,86,0.0,2,0,0,0,1,0,3.5
2024-08-25,22,34.86363636363637,0.5,0,39.72727272727273,22,5,10,0,1,6,8,2024,3,1,2,18.0,15.0,17.428571428571427,1,28.4,90,11.0,3,0,0,1,2,0,6.0
2024-08-26,14,30.928571428571427,0.5,0,41.785714285714285,0,5,7,0,0,0,8,2024,3,0,2,22.0,19.0,16.714285714285715,0,30.0,79,10.2,2,0,0,1,0,0,2.0
2024-08-27,15,35.6,0.26666666666666666,0,49.2,0,6,8,0,1,1,8,2024,3,0,2,14.0,23.0,15.571428571428571,0,25.9,83,19.5,3,0,0,1,0,0,3.0
2024-08-28,21,34.95238095238095,0.5238095238095238,0,45.80952380952381,0,8,11,1,0,2,8,2024,3,0,2,15.0,10.0,17.142857142857142,1,27.3,75,38.8,4,0,0,1,0,0,4.0
2024-08-29,17,34.411764705882355,0.5882352941176471,0,45.411764705882355,0,3,12,0,1,3,8,2024,3,0,2,21.0,14.0,17.571428571428573,0,24.3,81,0.0,2,0,0,0,0,0,2.0
2024-08-30,16,34.0,0.5,0,41.5,0,2,8,1,1,4,8,2024,3,0,2,17.0,16.0,17.571428571428573,0,26.7,90,0.0,2,0,0,0,0,0,2.0
2024-08-31,19,36.421052631578945,0.5263157894736842,0,47.526315789473685,19,9,11,1,0,5,8,2024,3,1,2,16.0,18.0,17.714285714285715,1,30.0,89,0.0,2,0,0,0,1,0,3.5
2024-09-01,23,39.30434782608695,0.5217391304347826,0,37.869565217391305,23,5,15,1,1,6,9,2024,3,1,3,19.0,22.0,17.857142857142858,1,28.6,67,0.0,0,0,0,0,2,0,3.0
2024-09-02,17,36.94117647058823,0.5882352941176471,0,33.94117647058823,0,6,7,0,0,0,9,2024,3,0,3,23.0,14.0,18.285714285714285,0,24.1,78,25.1,4,0,0,1,0,0,4.0
2024-09-03,20,35.55,0.35,0,34.0,0,6,13,1,0,1,9,2024,3,0,3,17.0,15.0,19.0,1,28.0,70,25.0,4,0,0,1,0,0,4.0
2024-09-04,16,32.0,0.5625,0,43.4375,0,3,8,0,1,2,9,2024,3,0,3,20.0,21.0,18.285714285714285,0,25.2,68,0.0,0,0,0,0,0,0,0.0
2024-09-05,11,43.81818181818182,0.36363636363636365,0,43.09090909090909,0,6,5,1,2,3,9,2024,3,0,3,16.0,17.0,17.428571428571427,0,24.6,77,8.5,2,0,0,0,0,0,2.0
2024-09-06,17,37.8235294117647,0.4117647058823529,0,31.0,0,7,6,1,0,4,9,2024,3,0,3,11.0,16.0,17.571428571428573,0,27.6,69,29.7,3,0,0,1,0,0,3.0
2024-09-07,15,37.53333333333333,0.5333333333333333,0,32.13333333333333,15,5,7,0,1,5,9,2024,3,1,3,17.0,19.0,17.0,0,24.7,72,3.8,1,0,0,0,1,0,2.5
2024-09-08,17,31.58823529411765,0.5294117647058824,0,37.588235294117645,17,7,12,1,1,6,9,2024,3,1,3,15.0,23.0,16.142857142857142,0,25.7,74,34.3,4,0,0,1,2,0,7.0
2024-09-09,17,32.64705882352941,0.4117647058823529,0,46.1764705882353,0,8,9,0,0,0,9,2024,3,0,3,17.0,17.0,16.142857142857142,0,26.8,69,4.1,0,0,0,0,0,0,0.0
2024-09-10,13,34.84615384615385,0.46153846153846156,0,29.615384615384617,0,4,8,0,0,1,9,2024,3,0,3,17.0,20.0,15.142857142857142,0,24.8,68,0.0,0,0,0,0,0,0,0.0
2024-09-11,12,36.666666666666664,0.5,0,49.5,0,6,10,0,0,2,9,2024,3,0,3,13.0,16.0,14.571428571428571,0,24.5,78,0.0,1,0,0,0,0,0,1.0
2024-09-12,19,31.94736842105263,0.42105263157894735,0,41.8421052631579,0,10,13,0,0,3,9,2024,3,0,3,12.0,11.0,15.714285714285714,1,28.2,81,26.2,5,1,0,1,0,0,5.0
2024-09-13,12,37.416666666666664,0.5833333333333334,0,39.75,0,4,5,1,0,4,9,2024,3,0,3,19.0,17.0,15.0,0,29.1,72,0.0,1,0,0,0,0,0,1.0
2024-09-14,15,33.4,0.3333333333333333,0,34.13333333333333,15,8,10,0,1,5,9,2024,3,1,3,12.0,15.0,15.0,0,25.9,82,0.0,2,0,0,0,1,0,3.5
2024-09-15,18,37.94444444444444,0.5,0,33.611111111111114,18,5,12,0,0,6,9,2024,3,1,3,15.0,17.0,15.142857142857142,1,29.4,80,20.3,5,1,0,1,2,0,8.0
2024-09-16,13,32.76923076923077,0.46153846153846156,0,48.69230769230769,0,5,9,1,0,0,9,2024,3,0,3,18.0,17.0,14.571428571428571,0,28.7,70,0.0,1,0,0,0,0,0,1.0
2024-09-17,22,31.863636363636363,0.5,0,39.22727272727273,0,7,13,0,0,1,9,2024,3,0,3,13.0,13.0,15.857142857142858,1,25.2,79,11.4,2,0,0,1,0,0,2.0
2024-09-18,16,37.8125,0.5625,0,44.75,0,8,6,0,1,2,9,2024,3,0,3,22.0,12.0,16.428571428571427,0,28.5,72,0.0,1,0,0,0,0,0,1.0
2024-09-19,13,28.46153846153846,0.46153846153846156,0,36.46153846153846,0,3,8,0,0,3,9,2024,3,0,3,16.0,19.0,15.571428571428571,0,26.1,78,0.0,1,0,0,0,0,0,1.0
2024-09-20,14,33.57142857142857,0.5,0,30.785714285714285,0,3,9,0,0,4,9,2024,3,0,3,13.0,12.0,15.857142857142858,0,28.1,82,12.5,3,0,0,1,0,0,3.0
2024-09-21,21,35.666666666666664,0.42857142857142855,0,43.57142857142857,21,9,12,0,0,5,9,2024,3,1,3,14.0,15.0,16.714285714285715,1,29.8,73,0.0,1,0,0,0,1,0,2.5
2024-09-22,9,27.0,0.8888888888888888,0,42.888888888888886,9,4,5,0,0,6,9,2024,3,1,3,21.0,18.0,15.428571428571429,0,26.2,77,25.6,4,0,0,1,2,0,7.0
2024-09-23,10,42.4,0.2,0,48.4,0,4,4,1,0,0,9,2024,3,0,3,9.0,13.0,15.0,0,27.9,74,0.0,1,0,0,0,0,0,1.0
2024-09-24,15,37.333333333333336,0.6,0,41.86666666666667,0,5,11,2,0,1,9,2024,3,0,3,10.0,22.0,14.0,0,26.6,79,39.0,4,0,0,1,0,0,4.0
2024-09-25,15,34.266666666666666,0.6666666666666666,0,39.266666666666666,0,5,7,0,0,2,9,2024,3,0,3,15.0,16.0,13.857142857142858,0,28.5,75,0.0,1,0,0,0,0,0,1.0
2024-09-26,13,34.92307692307692,0.6923076923076923,0,38.53846153846154,0,6,6,0,0,3,9,2024,3,0,3,15.0,13.0,13.857142857142858,0,27.0,77,0.0,1,0,0,0,0,0,1.0
2024-09-27,12,33.166666666666664,0.5833333333333334,0,25.666666666666668,0,4,10,0,0,4,9,2024,3,0,3,13.0,14.0,13.571428571428571,0,27.8,76,0.0,1,0,0,0,0,0,1.0
2024-09-28,17,32.588235294117645,0.5882352941176471,0,40.05882352941177,17,5,13,0,0,5,9,2024,3,1,3,12.0,21.0,13.0,0,27.5,76,0.0,1,0,0,0,1,0,2.5
2024-09-29,17,33.294117647058826,0.7058823529411765,0,43.94117647058823,17,6,13,0,0,6,9,2024,3,1,3,17.0,9.0,14.142857142857142,0,27.3,78,0.0,1,0,0,0,2,0,4.0
2024-09-30,17,37.411764705882355,0.4117647058823529,0,41.76470588235294,0,6,7,0,1,0,9,2024,3,0,3,17.0,10.0,15.142857142857142,0,28.1,81,18.6,3,0,0,1,0,0,3.0
2024-10-01,20,37.4,0.5,0,39.0,0,6,11,0,1,1,10,2024,4,0,3,17.0,15.0,15.857142857142858,1,24.8,59,0.0,0,0,0,0,1,0,1.5
2024-10-02,11,38.54545454545455,0.5454545454545454,0,35.63636363636363,0,5,9,0,0,2,10,2024,4,0,3,20.0,15.0,15.285714285714286,0,23.8,67,34.4,3,0,0,1,0,0,3.0
2024-10-03,18,31.333333333333332,0.5555555555555556,0,37.666666666666664,0,5,11,0,1,3,10,2024,4,0,3,11.0,13.0,16.0,1,26.6,58,0.0,0,0,0,0,0,0,0.0
2024-10-04,16,36.5,0.625,0,36.3125,0,6,9,0,0,4,10,2024,4,0,3,18.0,12.0,16.571428571428573,0,23.2,68,0.0,0,0,0,0,0,0,0.0
2024-10-05,11,25.727272727272727,0.6363636363636364,0,38.09090909090909,11,7,5,0,0,5,10,2024,4,1,3,16.0,17.0,15.714285714285714,0,27.0,69,0.0,0,0,0,0,4,1,6.0
2024-10-06,11,29.272727272727273,0.36363636363636365,0,46.72727272727273,11,4,8,1,1,6,10,2024,4,1,3,11.0,17.0,14.857142857142858,0,27.5,66,0.0,0,0,0,0,5,1,7.5
2024-10-07,14,33.5,0.42857142857142855,0,37.92857142857143,0,6,8,0,1,0,10,2024,4,0,3,11.0,17.0,14.428571428571429,0,26.3,67,0.0,0,0,0,0,3,1,4.5
2024-10-08,16,27.1875,0.5,0,32.0625,0,2,9,1,0,1,10,2024,4,0,3,14.0,20.0,13.857142857142858,0,26.7,67,0.0,0,0,0,0,3,1,4.5
2024-10-09,18,30.333333333333332,0.5,0,37.05555555555556,0,5,6,1,1,2,10,2024,4,0,3,16.0,11.0,14.857142857142858,1,26.7,63,0.0,0,0,0,0,3,1,4.5
2024-10-10,10,32.5,0.8,0,27.1,0,4,6,1,0,3,10,2024,4,0,3,18.0,18.0,13.714285714285714,0,25.4,67,31.9,3,0,0,1,3,1,7.5
2024-10-11,23,33.56521739130435,0.391304347826087,0,45.130434782608695,0,8,12,2,0,4,10,2024,4,0,3,10.0,16.0,14.714285714285714,1,26.9,57,0.0,0,0,0,0,3,1,4.5
2024-10-12,19,37.473684210526315,0.631578947368421,0,33.31578947368421,19,7,11,0,1,5,10,2024,4,1,3,23.0,11.0,15.857142857142858,1,23.2,66,28.4,3,0,0,1,4,1,9.0
2024-10-13,14,33.857142857142854,0.42857142857142855,0,38.5,14,5,8,0,1,6,10,2024,4,1,3,19.0,11.0,16.285714285714285,0,26.3,61,0.0,0,0,0,0,5,1,7.5
2024-10-14,20,32.25,0.55,0,35.0,0,9,14,0,0,0,10,2024,4,0,3,14.0,14.0,17.142857142857142,1,24.4,67,0.0,0,0,0,0,3,1,4.5
2024-10-15,15,43.666666666666664,0.6666666666666666,0,37.2,0,6,7,2,0,1,10,2024,4,0,3,20.0,16.0,17.0,0,26.8,70,36.9,4,0,0,1,3,1,8.5
2024-10-16,12,30.166666666666668,0.5,0,46.166666666666664,0,6,7,0,1,2,10,2024,4,0,3,15.0,18.0,16.142857142857142,0,28.0,59,37.9,3,0,0,1,3,1,7.5
2024-10-17,17,33.8235294117647,0.5294117647058824,0,44.470588235294116,0,7,9,1,2,3,10,2024,4,0,3,12.0,10.0,17.142857142857142,0,23.7,58,0.0,0,0,0,0,3,1,4.5
2024-10-18,18,32.5,0.5555555555555556,0,38.333333333333336,0,3,15,1,0,4,10,2024,4,0,3,17.0,23.0,16.428571428571427,1,23.5,62,0.0,0,0,0,0,3,1,4.5
2024-10-19,16,39.25,0.4375,0,37.75,16,6,10,0,1,5,10,2024,4,1,3,18.0,19.0,16.0,0,24.9,69,0.0,0,0,0,0,4,1,6.0
2024-10-20,20,33.55,0.5,0,38.4,20,8,12,0,0,6,10,2024,4,1,3,16.0,14.0,16.857142857142858,1,27.6,68,39.2,3,0,0,1,5,1,10.5
2024-10-21,17,31.11764705882353,0.5882352941176471,0,51.8235294117647,0,12,6,1,0,0,10,2024,4,0,3,20.0,20.0,16.428571428571427,0,27.2,59,0.0,0,0,0,0,3,1,4.5
2024-10-22,19,36.94736842105263,0.3157894736842105,0,46.421052631578945,0,7,10,0,0,1,10,2024,4,0,3,17.0,15.0,17.0,1,23.8,72,0.0,1,0,0,0,3,1,5.5
2024-10-23,17,43.0,0.47058823529411764,0,36.529411764705884,0,6,8,0,1,2,10,2024,4,0,3,19.0,12.0,17.714285714285715,0,28.5,67,0.0,0,0,0,0,3,1,4.5
2024-10-24,18,33.05555555555556,0.6111111111111112,0,33.44444444444444,0,6,12,1,0,3,10,2024,4,0,3,17.0,17.0,17.857142857142858,1,26.9,67,0.0,0,0,0,0,3,1,4.5
2024-10-25,18,32.888888888888886,0.5,0,40.833333333333336,0,9,14,1,0,4,10,2024,4,0,3,18.0,18.0,17.857142857142858,1,26.6,63,24.5,3,0,0,1,3,1,7.5
2024-10-26,15,26.6,0.6,0,36.2,15,3,6,1,0,5,10,2024,4,1,3,18.0,16.0,17.714285714285715,0,25.1,59,0.0,0,0,0,0,1,0,1.5
2024-10-27,10,28.2,0.7,0,47.9,10,5,2,0,0,6,10,2024,4,1,3,15.0,20.0,16.285714285714285,0,23.7,69,17.0,1,0,0,1,2,0,4.0
2024-10-28,14,37.642857142857146,0.35714285714285715,0,42.92857142857143,0,7,5,0,0,0,10,2024,4,0,3,10.0,17.0,15.857142857142858,0,27.3,58,0.0,0,0,0,0,0,0,0.0
2024-10-29,9,40.333333333333336,0.4444444444444444,0,26.88888888888889,0,5,6,0,1,1,10,2024,4,0,3,14.0,19.0,14.428571428571429,0,23.2,64,11.0,1,0,0,1,0,0,1.0
2024-10-30,15,35.93333333333333,0.6666666666666666,0,31.266666666666666,0,5,10,1,0,2,10,2024,4,0,3,9.0,17.0,14.142857142857142,0,25.7,57,0.0,0,0,0,0,0,0,0.0
